Imagen,Angulo_Rotacion,Homogeneidad,Contraste,Energia,Correlacion
crystalline_0057.jpg,0,0.16734520228075836,287.41873151826735,0.014717108288722925,0.9419347744428131
crystalline_0057.jpg,45,0.3209893858813052,244.44244073817646,0.16581757110706485,0.9777005091393676
crystalline_0057.jpg,90,0.19368706489302795,402.4567256223089,0.03566526460379817,0.9376174588358644
crystalline_0057.jpg,135,0.31878515861474604,243.09045935039745,0.1658352105657625,0.9779421141099842
crystalline_0102.jpg,0,0.19282431655729565,125.68937275867194,0.014944820388561998,0.9786340758448171
crystalline_0102.jpg,45,0.3497735411653233,105.96336586186102,0.17057461056982726,0.9872502011690388
crystalline_0102.jpg,90,0.28232297214063895,101.53112982227995,0.0662120949290701,0.9860087870289753
crystalline_0102.jpg,135,0.35058789789111117,105.34372908196187,0.17059808321008796,0.9872091493443644
crystalline_0103.jpg,0,0.18628804895238554,100.00424776151974,0.02399136301243442,0.9209677817977167
crystalline_0103.jpg,45,0.3432218642804587,83.85228799595066,0.1681002149001084,0.9837144315697938
crystalline_0103.jpg,90,0.19076510257135926,145.72177610077028,0.024702489453999343,0.9009410481777224
crystalline_0103.jpg,135,0.34317129326475604,84.14990559022687,0.1681187661492754,0.9836745796903418
crystalline_0104.jpg,0,0.3530866491969212,40.95486971216438,0.025630256605465588,0.9898214286762761
crystalline_0104.jpg,45,0.47775987060391945,45.94266631999101,0.17321772891050818,0.9921095804932654
crystalline_0104.jpg,90,0.4357497074104065,48.72597713163704,0.1066300797383213,0.991412218288112
crystalline_0104.jpg,135,0.4789024546750818,44.38929685711678,0.17323689081920232,0.9924717406551795
crystalline_0105.jpg,0,0.25841713077564493,69.49356070273664,0.019721730130081546,0.9814747788568416
crystalline_0105.jpg,45,0.41329078941585984,72.78449108777855,0.18869712455104404,0.9920435581374252
crystalline_0105.jpg,90,0.44793445892864164,72.12327283687439,0.23253619062811348,0.992944975527808
crystalline_0105.jpg,135,0.40240499243733424,79.49142280231737,0.188715288858338,0.9909076814297717
crystalline_0106.jpg,0,0.35445729498779155,44.74209568098055,0.042160788010740344,0.9874125164490145
crystalline_0106.jpg,45,0.47681658185954806,43.55318758285157,0.17513928955355704,0.9896031441191753
crystalline_0106.jpg,90,0.3954967481049113,68.72267911625737,0.08566568176573064,0.9820268639996441
crystalline_0106.jpg,135,0.4746127100713322,43.42469897447346,0.17450413592900088,0.9894959813118513
crystalline_0107.jpg,0,0.0725676940063109,2163.957123512839,0.009267001717066495,0.660054692400795
crystalline_0107.jpg,45,0.239241435037213,862.9873047341575,0.1668426222174856,0.8699475044688372
crystalline_0107.jpg,90,0.09877903235970872,2123.263607427575,0.030524375745765712,0.6841085134005873
crystalline_0107.jpg,135,0.2391910406172595,863.9877912424361,0.16685463589519997,0.8696454461064491
crystalline_0108.jpg,0,0.36373110749909066,27.648614420524694,0.03520663891812475,0.9778379633211889
crystalline_0108.jpg,45,0.5099749837361306,33.22360375964372,0.1856062724924959,0.9949156929133489
crystalline_0108.jpg,90,0.5432576175713413,24.040246113390854,0.2007578591977282,0.9964178544171989
crystalline_0108.jpg,135,0.5080891215833048,35.1245045597302,0.18567605333660514,0.9946966653797988
crystalline_0109.jpg,0,0.22698436243854334,134.8307579995281,0.018211548288546636,0.9786010197043823
crystalline_0109.jpg,45,0.3868557858144772,85.9016760666578,0.1677303820057986,0.989654284682225
crystalline_0109.jpg,90,0.26627640794235385,125.37104973006683,0.02040968673248984,0.9802198411258319
crystalline_0109.jpg,135,0.3868684706054709,84.69604334594308,0.1677452306931748,0.9897752873670176
crystalline_0110.jpg,0,0.5206783794710199,10.29899280810255,0.06355139861840313,0.9755238325846309
crystalline_0110.jpg,45,0.6253194413266709,53.56992133446809,0.1797990230271213,0.9928172760044438
crystalline_0110.jpg,90,0.5960031825452494,46.330716734378434,0.11945832814660273,0.9908648347621222
crystalline_0110.jpg,135,0.6218553072365405,55.429959481635095,0.1794671549212132,0.9926477391092134
crystalline_0111.jpg,0,0.2497260630548484,129.53923399747282,0.02667931232321051,0.955837823300282
crystalline_0111.jpg,45,0.41075953008461896,130.53955574686623,0.18030843720163586,0.9905605768908843
crystalline_0111.jpg,90,0.4310398944742783,109.50380828114035,0.17910586187178268,0.9920332528018905
crystalline_0111.jpg,135,0.41483978381672176,141.50376369492508,0.18063783869960565,0.9898038617310815
crystalline_0112.jpg,0,0.3471154741185541,39.723868730134434,0.023987270725867114,0.9904459003662031
crystalline_0112.jpg,45,0.47515144295634404,54.55340955340665,0.16918121367408318,0.993114131495942
crystalline_0112.jpg,90,0.3840652107240083,58.284330116358575,0.02793418929932749,0.9870985586716239
crystalline_0112.jpg,135,0.47467955799416606,54.25167622554776,0.16918542535336792,0.993154374823458
crystalline_0113.jpg,0,0.2922959068470884,37.09264882572392,0.024369597842745016,0.9877577212719275
crystalline_0113.jpg,45,0.4227612993677164,61.61866855002273,0.16960699741750507,0.9934338424851092
crystalline_0113.jpg,90,0.31464535347573525,55.74383151761471,0.025716600498260044,0.9820878225601165
crystalline_0113.jpg,135,0.4226091060168129,61.541788479251736,0.1696156906794427,0.9934346638386568
crystalline_0114.jpg,0,0.23841261566707497,155.72933915214142,0.01658302982278692,0.9800520122332734
crystalline_0114.jpg,45,0.41419301631358796,113.04592619192968,0.22406742242442607,0.9887183940045526
crystalline_0114.jpg,90,0.5132203306985168,84.72197515396053,0.34826122273903715,0.9909013161674227
crystalline_0114.jpg,135,0.4077882959624534,120.92695224463438,0.22410037739989483,0.9857866031290498
crystalline_0115.jpg,0,0.22383780082020738,106.60768189022052,0.02269681616983874,0.9568871511894039
crystalline_0115.jpg,45,0.37837901087841047,77.3588944983163,0.18613635962921946,0.9893422808813621
crystalline_0115.jpg,90,0.36425982093014747,140.07659882197177,0.2110183383347669,0.9820043030674473
crystalline_0115.jpg,135,0.3777057804769581,79.7848943124348,0.18610938565969348,0.989009374111973
crystalline_0116.jpg,0,0.4721722793691255,18.43575384368539,0.045503564357116465,0.98792334824294
crystalline_0116.jpg,45,0.5724122712350868,48.50032085355605,0.1820489984630306,0.9939072585189156
crystalline_0116.jpg,90,0.5691302802505528,81.47381806342506,0.17469595363793858,0.9893965990562905
crystalline_0116.jpg,135,0.5749217527430341,49.150078498315914,0.18181719792563114,0.9938833561514185
crystalline_0117.jpg,0,0.270423371671732,389.09791196679487,0.04144330331282534,0.9711038565092772
crystalline_0117.jpg,45,0.39240479647077,285.00603333836096,0.17671414431128457,0.9796708276573235
crystalline_0117.jpg,90,0.3190070973664414,401.1712378063359,0.0864042505030572,0.9710645331688373
crystalline_0117.jpg,135,0.3953073130623206,277.90355484314745,0.17736937323649377,0.9801831253159263
crystalline_0118.jpg,0,0.35795394430220806,19.75286055539935,0.05109774724862056,0.9613491397471234
crystalline_0118.jpg,45,0.5038881062042526,39.97074392099806,0.17847041768321567,0.9930782097636104
crystalline_0118.jpg,90,0.4850827134266744,30.973414468651747,0.1198949382482642,0.9922867959279571
crystalline_0118.jpg,135,0.503133195629637,39.21668514588976,0.17847628890933775,0.9932737754278081
crystalline_0119.jpg,0,0.25908929941975434,137.02033025589205,0.020487410260034904,0.9839056544146403
crystalline_0119.jpg,45,0.39118274115318424,101.49176734663821,0.17785490593032102,0.991782865759183
crystalline_0119.jpg,90,0.3595714830860746,158.52310776079617,0.15503328414240503,0.9865655771064782
crystalline_0119.jpg,135,0.39188640734726277,95.28263108428574,0.17786511090069268,0.9922934963835393
crystalline_0120.jpg,0,0.18791023830983603,198.6660097461592,0.01744409053550417,0.9530634084626242
crystalline_0120.jpg,45,0.33324235335537605,139.62134932809496,0.16622415536102664,0.9783518724409808
crystalline_0120.jpg,90,0.18812423230968298,279.160421627867,0.017617568791181464,0.9352415486187693
crystalline_0120.jpg,135,0.3331064079175602,140.27833110961947,0.1662546805938683,0.9782465132010112
crystalline_0121.jpg,0,0.1715215319520257,114.0630699622975,0.018546490134756184,0.9550838612256568
crystalline_0121.jpg,45,0.31315922660497214,124.73821229836084,0.1691503265236005,0.9834215724904434
crystalline_0121.jpg,90,0.24957490929577858,112.29894606939364,0.08005995552077246,0.9775640874307698
crystalline_0121.jpg,135,0.31430549370814065,121.1243859782032,0.16919316070682464,0.9838974270154821
crystalline_0122.jpg,0,0.36465943593872385,31.606752931764277,0.03859826071185157,0.9785938259499386
crystalline_0122.jpg,45,0.4937493994767255,58.0647265610029,0.1736546924368436,0.9935196317348629
crystalline_0122.jpg,90,0.4180909461154514,105.37351722629398,0.09192675815697798,0.9807039248187589
crystalline_0122.jpg,135,0.494178184508058,58.49633104009719,0.17367329370502188,0.9934918643647037
crystalline_0123.jpg,0,0.44418187297530726,29.805017133309768,0.03517212060427953,0.9959295011612087
crystalline_0123.jpg,45,0.5348920177785164,45.266552741916094,0.1731136918980865,0.9955146827881107
crystalline_0123.jpg,90,0.48437493817167715,56.58102679543774,0.08818687875743272,0.9933487599332975
crystalline_0123.jpg,135,0.535450343217615,41.70274856942253,0.17312277557683484,0.9956385374120492
crystalline_0124.jpg,0,0.10184709610271123,365.12179714633254,0.011029527369403628,0.9272043647791081
crystalline_0124.jpg,45,0.26551817275453954,247.06758233432078,0.17849187873471437,0.9629295034986806
crystalline_0124.jpg,90,0.24612737763087839,339.00942763370836,0.1668606793565272,0.9519636144336701
crystalline_0124.jpg,135,0.26756604949117163,247.13242793867562,0.17848097513595346,0.9656385578872027
crystalline_0125.jpg,0,0.22494509338475005,302.7887543571429,0.04205549481667139,0.9513731192548271
crystalline_0125.jpg,45,0.387141396154972,224.2729774042413,0.19591587466447016,0.9858294655784177
crystalline_0125.jpg,90,0.4243972476320173,286.5909316738962,0.2510861028981861,0.9840635824438986
crystalline_0125.jpg,135,0.38730914448024323,213.41951346550377,0.1957674135270066,0.9864181392339209
crystalline_0126.jpg,0,0.19339011248491275,190.9967343676344,0.017844553087646285,0.951893264206931
crystalline_0126.jpg,45,0.3374311494583197,133.82662002343756,0.16601044249073893,0.9777552605142875
crystalline_0126.jpg,90,0.20350982276683305,274.0087893194642,0.02285833383552715,0.9365679692900553
crystalline_0126.jpg,135,0.3379312583896927,135.2777629870207,0.166050323687122,0.9776045274285995
crystalline_0127.jpg,0,0.2778634559195111,61.32222689581768,0.020405460597500452,0.9915057919320525
crystalline_0127.jpg,45,0.393278234341271,101.64826732405169,0.16809609060078917,0.991533116110848
crystalline_0127.jpg,90,0.3293342572365114,73.73096968489102,0.04944601581308933,0.9917260212937837
crystalline_0127.jpg,135,0.3964655072507999,96.0585895713055,0.1680804419035793,0.9921021942240277
crystalline_0128.jpg,0,0.47518712481909714,9.177099100110253,0.06494848764808289,0.978270575745968
crystalline_0128.jpg,45,0.6106583574608793,20.72464872650384,0.23466137961783717,0.9942231778526819
crystalline_0128.jpg,90,0.6904696932435508,14.447032293435207,0.3633974580898161,0.9967111388320743
crystalline_0128.jpg,135,0.611113798253835,23.7986918127601,0.23478998987808616,0.9932452355181818
crystalline_0129.jpg,0,0.4217621740043919,49.58250819832111,0.06105259461218899,0.9937746636181631
crystalline_0129.jpg,45,0.5189827707949918,56.45037686577375,0.17619758544302175,0.994500754612897
crystalline_0129.jpg,90,0.4793930888351265,47.89374474116945,0.09192347220544518,0.994481665335531
crystalline_0129.jpg,135,0.5207354881616381,56.50810530763196,0.1770076667722396,0.9946090889119604
crystalline_0130.jpg,0,0.22833037659939798,75.45919723363956,0.018889793734314077,0.9848333127454063
crystalline_0130.jpg,45,0.36908055410201035,76.53630310874134,0.17066598794403498,0.9924892291897818
crystalline_0130.jpg,90,0.30643909671623915,79.07944352046198,0.0722328371871399,0.9893767813666935
crystalline_0130.jpg,135,0.36901226087960515,76.33696837352494,0.1706752562570413,0.9925427658791606
crystalline_0131.jpg,0,0.19742821679006028,238.7467071991564,0.024574373029738826,0.8268927616626323
crystalline_0131.jpg,45,0.44799564628512156,77.55003196809012,0.27452173655111134,0.9710716038655925
crystalline_0131.jpg,90,0.5998841026852714,28.754553871720542,0.44540788834781886,0.9888434963426338
crystalline_0131.jpg,135,0.4478964546316239,76.11095702465136,0.27461708556062736,0.9691631830764804
crystalline_0132.jpg,0,0.34608253269832,84.00437234087622,0.04206185928895543,0.9841073052213276
crystalline_0132.jpg,45,0.47248586844805196,77.2009086385192,0.16983379066713594,0.9783884226209267
crystalline_0132.jpg,90,0.35540747332030775,154.32844078097955,0.04449325077279724,0.968614561381834
crystalline_0132.jpg,135,0.47156741174922523,74.99009875148766,0.1697980302676099,0.9786781096910916
crystalline_0133.jpg,0,0.38199259600321467,31.465130972013142,0.03652383312186311,0.9826161833358484
crystalline_0133.jpg,45,0.5135413661086821,43.798828750712914,0.17229992855982057,0.9931393691508911
crystalline_0133.jpg,90,0.41900866455674496,87.93595258065156,0.07336210080542033,0.97748180653801
crystalline_0133.jpg,135,0.5098451666317255,44.72088181497262,0.17218330595161968,0.9930333246438592
crystalline_0134.jpg,0,0.2639341146072278,165.3965659568793,0.02433182906533649,0.9797527237783443
crystalline_0134.jpg,45,0.41192942494174306,115.06516263775038,0.17263334592397542,0.9900118015644612
crystalline_0134.jpg,90,0.3579718640748959,110.05828820941528,0.09438543291424233,0.9893704403045304
crystalline_0134.jpg,135,0.4153156445632941,110.19224428299799,0.17268375251082546,0.9906891739967789
crystalline_0135.jpg,0,0.3332909946937168,106.13124693491332,0.04998018094475435,0.9756872325531786
crystalline_0135.jpg,45,0.43586800695998834,166.07380396243062,0.16701692110655186,0.9859744959901455
crystalline_0135.jpg,90,0.33403798321878486,209.2510849475757,0.048892171929332054,0.9550836630209761
crystalline_0135.jpg,135,0.43604450834575537,165.49640383809916,0.16703409754419057,0.9860120521368778
crystalline_0136.jpg,0,0.32826872942718355,27.81239691033638,0.03991723586077223,0.9877899168485856
crystalline_0136.jpg,45,0.4689473493320666,39.72179990290296,0.17864821099973216,0.9937431639755694
crystalline_0136.jpg,90,0.4701789916139855,30.895683464990498,0.14175009973233174,0.9945854621199686
crystalline_0136.jpg,135,0.47291819852696576,40.24409385971589,0.17882753895217735,0.9937030433508488
crystalline_0137.jpg,0,0.13656501286167713,501.37632143485814,0.013495046597808081,0.8855405828635805
crystalline_0137.jpg,45,0.32322902373484935,300.41500894523944,0.20688484912000035,0.9490785133362659
crystalline_0137.jpg,90,0.41614484705427307,193.54230763662537,0.30133007080646257,0.966713338697033
crystalline_0137.jpg,135,0.3261054753877342,282.7167242882266,0.20696555752696655,0.951541100111133
crystalline_0138.jpg,0,0.3532926382009999,38.76964411144939,0.024551264850902563,0.9899899406729312
crystalline_0138.jpg,45,0.48831246604638706,66.4207020976071,0.17721097009983688,0.9920263616183125
crystalline_0138.jpg,90,0.4521890246841134,90.4992944320489,0.1500881786652859,0.9880390190785951
crystalline_0138.jpg,135,0.4847633509227626,58.096353404878386,0.17721109841638225,0.992738980511258
crystalline_0139.jpg,0,0.3537028672176568,21.930678344410786,0.028867945153006603,0.9908123630052403
crystalline_0139.jpg,45,0.49421186450808274,30.634179671687928,0.18119926198169192,0.9952671013793728
crystalline_0139.jpg,90,0.5100748436243232,29.07067895459428,0.1780415212451781,0.9956348201267353
crystalline_0139.jpg,135,0.48923475644654396,33.56591054640442,0.18123106178520718,0.9948471444387645
crystalline_0140.jpg,0,0.341236663302111,50.7172143566577,0.02969742209372487,0.9757859964686589
crystalline_0140.jpg,45,0.4755138654762992,54.075431442725545,0.1795002647736033,0.9924660032053234
crystalline_0140.jpg,90,0.4476306310227614,70.8576239158226,0.15947602581253273,0.9892601915527075
crystalline_0140.jpg,135,0.47796296290972146,50.95874749505977,0.17946187483844825,0.993012629995784
crystalline_0141.jpg,0,0.2995509295442701,51.76362487418692,0.027143577209621676,0.9778852573342638
crystalline_0141.jpg,45,0.43741907559771426,77.64693334462116,0.17386218195755998,0.9931721985484503
crystalline_0141.jpg,90,0.4098071499542673,67.32239945928039,0.11822587127796266,0.9924447842563581
crystalline_0141.jpg,135,0.438313794709563,75.90457804715697,0.17395815028370043,0.9932908009494015
crystalline_0142.jpg,0,0.12790167791243873,246.55066459452814,0.011873609362855244,0.9621258050225436
crystalline_0142.jpg,45,0.31771947772122683,162.64755376611424,0.1952514912577809,0.9836046988441608
crystalline_0142.jpg,90,0.386377130879036,119.03958574099308,0.2599606918529859,0.9873360423496984
crystalline_0142.jpg,135,0.3100393763279839,164.6115584596614,0.1952508478541291,0.9818888267744666
crystalline_0143.jpg,0,0.41932854429157085,18.31671765869306,0.04262250887412987,0.98820620758199
crystalline_0143.jpg,45,0.5303107265026092,64.33000891004431,0.18652335900218292,0.9950722832798101
crystalline_0143.jpg,90,0.5290070914410206,96.73550958308302,0.20659012850222158,0.992956387504963
crystalline_0143.jpg,135,0.5370229026218923,63.79561108164775,0.18655643257019414,0.9950853410943792
crystalline_0144.jpg,0,0.2633237890745036,105.4980594322073,0.022792301790369604,0.9812668377147865
crystalline_0144.jpg,45,0.3966838017521035,78.11917544646678,0.16971761143143838,0.9864308186057291
crystalline_0144.jpg,90,0.29645700954151816,78.02112273792906,0.024927130715950978,0.9859771523704915
crystalline_0144.jpg,135,0.39703908784467445,78.03856840117473,0.16972355502527675,0.986438633971422
crystalline_0145.jpg,0,0.47655502802863114,11.357675787733438,0.0541042577003958,0.9918714841947577
crystalline_0145.jpg,45,0.5773680479749017,37.43494320065941,0.18107451508498495,0.9950628232577797
crystalline_0145.jpg,90,0.5740357531995788,36.11255206119861,0.14633535594399924,0.9941829802366005
crystalline_0145.jpg,135,0.5781130107414585,37.85816193990788,0.18130581699788417,0.9950467689146646
crystalline_0146.jpg,0,0.27761411450228457,67.83904423406516,0.01998486136433139,0.9825726590234349
crystalline_0146.jpg,45,0.4062559707271423,85.518813754292,0.1737215004372543,0.9884469158927836
crystalline_0146.jpg,90,0.37296632070753516,76.13137503149056,0.11501786412212,0.9879885546610009
crystalline_0146.jpg,135,0.4037614508144697,87.99174031544264,0.17372146076271533,0.9879990551214576
crystalline_0147.jpg,0,0.1649896305575487,194.41225635551194,0.01799488671695362,0.9243841213721934
crystalline_0147.jpg,45,0.3306352203045624,149.1799649898399,0.17072813828641195,0.9843634088943453
crystalline_0147.jpg,90,0.2802168648684859,118.57468932812304,0.07786839912628395,0.9797105546836984
crystalline_0147.jpg,135,0.33231083136421,145.83623946119639,0.17075683120842655,0.9845115439505093
crystalline_0148.jpg,0,0.17009267408086692,330.81145531771557,0.013307271335685792,0.9485903900482042
crystalline_0148.jpg,45,0.341507810042474,220.84443850358502,0.2014318039432733,0.9768142298562295
crystalline_0148.jpg,90,0.4028698068504875,288.6692603303662,0.28559942496855417,0.9706060482080296
crystalline_0148.jpg,135,0.34975169168990083,202.41919919503084,0.20148404466829695,0.9764148661117271
crystalline_0149.jpg,0,0.1450454155633958,178.69994470563316,0.015710139114421817,0.9332533591843089
crystalline_0149.jpg,45,0.2989728934872654,152.13867086762738,0.17014026423345793,0.985340646127215
crystalline_0149.jpg,90,0.2256613416763208,226.2222953129667,0.10066617339079288,0.9703672608180259
crystalline_0149.jpg,135,0.2998457744730144,153.50331359545856,0.1701626912306475,0.9850574707853359
crystalline_0150.jpg,0,0.19790001676737998,214.5012901821678,0.01693484172461289,0.9614064555164293
crystalline_0150.jpg,45,0.3558389218324989,158.04980012770847,0.17748797203165956,0.9836164204545375
crystalline_0150.jpg,90,0.32004073127680654,218.88518038152188,0.15476792564030742,0.9761036161107793
crystalline_0150.jpg,135,0.35598790839460975,155.61794013373753,0.17750020534619554,0.9837414209639594
crystalline_0151.jpg,0,0.3755880043444791,25.76604957308345,0.02326117215848896,0.9958254568793459
crystalline_0151.jpg,45,0.4899218000010983,51.12225286434107,0.16968032603499833,0.994078570922461
crystalline_0151.jpg,90,0.4154023530399842,53.04793380849419,0.037523574798107806,0.9922581210104933
crystalline_0151.jpg,135,0.4895712715606917,51.09087008181658,0.16968121814773707,0.9940704537502969
crystalline_0152.jpg,0,0.37303241927293673,43.69776251637363,0.03145203527619497,0.9817231817246737
crystalline_0152.jpg,45,0.5063470131276235,49.19908581658166,0.17554075268539127,0.9934487391383139
crystalline_0152.jpg,90,0.45583052750228215,77.01773236199129,0.1260561060252278,0.9876119621820516
crystalline_0152.jpg,135,0.503507359966149,51.930235302969876,0.17554693852233996,0.9930597806302335
crystalline_0153.jpg,0,0.3025384569260607,69.62061467148769,0.03659161249798559,0.93333129104088
crystalline_0153.jpg,45,0.4528400030392432,84.14358174755833,0.17458396887326424,0.9936278017143875
crystalline_0153.jpg,90,0.4157915787696418,81.4651862003291,0.09306455110883918,0.9893341230929602
crystalline_0153.jpg,135,0.4590344701953643,79.35267606247562,0.17466854254979317,0.9939890177270871
crystalline_0154.jpg,0,0.43362510999269754,29.618193056820132,0.03823180903210261,0.9935407701959698
crystalline_0154.jpg,45,0.5638754322857437,24.056731591416543,0.21910118771713813,0.9954440414028995
crystalline_0154.jpg,90,0.6096611347887582,29.164398358058882,0.3334303972176305,0.9947186901786899
crystalline_0154.jpg,135,0.5542483596417782,25.3904818697778,0.21922110612165396,0.9940127333395201
crystalline_0155.jpg,0,0.16659544550454058,251.27709394986766,0.021596297210426163,0.9415109854723872
crystalline_0155.jpg,45,0.3203384237326675,162.99255090071145,0.17149142817100088,0.9615663894113299
crystalline_0155.jpg,90,0.18178726813411022,258.0248743665326,0.030712167783941376,0.9394571627600239
crystalline_0155.jpg,135,0.3208775826533069,162.4459691775295,0.17159525629245273,0.9617990846848259
crystalline_0156.jpg,0,0.24089524538735366,171.69889107302953,0.026981232626652,0.9596872755333179
crystalline_0156.jpg,45,0.38687816026976274,141.44513415761145,0.16983837436986265,0.9848920855487472
crystalline_0156.jpg,90,0.29142709844028825,139.28229247732705,0.033973532520020173,0.9707097835805607
crystalline_0156.jpg,135,0.38699523993735363,141.45730020780817,0.16985439844366426,0.9848445186460562
crystalline_0157.jpg,0,0.17939460071882546,138.35378235089982,0.02071109673826063,0.950017756781888
crystalline_0157.jpg,45,0.34551821237443925,80.32782303012044,0.17107931689890488,0.9743032772610455
crystalline_0157.jpg,90,0.23867089466396071,162.00816918189008,0.07595538171562642,0.9490918568611281
crystalline_0157.jpg,135,0.3439117634027578,84.80436383496715,0.17105647654874306,0.9733113239259419
crystalline_0158.jpg,0,0.2895463485001688,47.98992861155254,0.03508980784990709,0.967548721142336
crystalline_0158.jpg,45,0.42521483198034754,99.36138565848846,0.16858429887114146,0.9904201176213665
crystalline_0158.jpg,90,0.35219022313525084,92.45990732668594,0.05395111203510905,0.976348878418722
crystalline_0158.jpg,135,0.4238215135385571,99.53571064437095,0.16860168428637318,0.9903877266779858
crystalline_0159.jpg,0,0.15500493521146683,353.8074168736184,0.019326359897541674,0.9316056108098899
crystalline_0159.jpg,45,0.3060719283260299,259.1136850906669,0.16987589733883374,0.9481978248605946
crystalline_0159.jpg,90,0.18517668193926745,366.4049465125562,0.04296485031833599,0.9271507966096008
crystalline_0159.jpg,135,0.305239780493796,258.26271046060094,0.16983701250857744,0.9477681710756823
crystalline_0160.jpg,0,0.4806410838729689,19.06517671197337,0.06219613690596701,0.9898204254675825
crystalline_0160.jpg,45,0.5953682855542927,46.526200358239365,0.2184615462917065,0.9943354874593926
crystalline_0160.jpg,90,0.6668649164840457,32.61642423653823,0.3239118264995954,0.996837056503018
crystalline_0160.jpg,135,0.6157032823133801,43.44767047592647,0.21986600468767387,0.9947449363964811
crystalline_0161.jpg,0,0.24786177227924278,106.29092818660953,0.019464209961442935,0.9843015739335975
crystalline_0161.jpg,45,0.3909025433603197,86.74211066384198,0.17319084368697882,0.9904957397943541
crystalline_0161.jpg,90,0.3608584494159953,76.75707483556802,0.11114864054148023,0.9905652671683145
crystalline_0161.jpg,135,0.3864597298214586,86.22438829629064,0.17317096721738084,0.9901339634153734
crystalline_0162.jpg,0,0.16898551220421354,193.5155676656792,0.01816043758921998,0.9557687931577368
crystalline_0162.jpg,45,0.35219605378831664,141.05272889581133,0.2023092589050183,0.9894397975917368
crystalline_0162.jpg,90,0.3974121275259163,188.93901433468085,0.2830470445506865,0.9881676087257093
crystalline_0162.jpg,135,0.34505057261802696,146.8426467293714,0.20186568657718668,0.9890327644138386
crystalline_0163.jpg,0,0.08934293480935122,748.6360087468117,0.008885159798121036,0.8897245834562441
crystalline_0163.jpg,45,0.26392958521863386,352.85064607073923,0.16769407292495697,0.9663744998993835
crystalline_0163.jpg,90,0.09831664452757939,843.1842634524698,0.013514425515154768,0.8826056172961068
crystalline_0163.jpg,135,0.26436769864186915,352.6118314618997,0.16771041935763573,0.9665469476987155
crystalline_0164.jpg,0,0.2957856459256473,174.71618068881943,0.02588446704666,0.9561968147483562
crystalline_0164.jpg,45,0.4198737304006491,128.52103005846172,0.16985778351563724,0.9769997199722771
crystalline_0164.jpg,90,0.3408085990163015,109.72621664242541,0.03651821001663985,0.9739245445496973
crystalline_0164.jpg,135,0.41902766237757993,129.6504590726225,0.1698638681245917,0.9765393755381144
crystalline_0165.jpg,0,0.4302900261627316,16.717315693419753,0.039370121097653005,0.989996439556642
crystalline_0165.jpg,45,0.5331171267845563,55.982503034081745,0.17181066852820176,0.9952184371879365
crystalline_0165.jpg,90,0.4389369431974651,107.03936223669373,0.04252723588301059,0.9635764214196721
crystalline_0165.jpg,135,0.5327604080501895,55.789708925974175,0.17180180677303486,0.9952339229538592
crystalline_0166.jpg,0,0.17014175407982882,156.41618567240096,0.015240713822140144,0.9696606468630231
crystalline_0166.jpg,45,0.34058662283618474,106.4443652837053,0.18100776141963926,0.98939389271267
crystalline_0166.jpg,90,0.3583475245946669,89.43595726897709,0.18284795893744835,0.9911910742886629
crystalline_0166.jpg,135,0.3413154977634336,113.10669323353078,0.18102894193167826,0.9889263557294286
crystalline_0167.jpg,0,0.24408412713633715,100.50723684243907,0.016275897471016477,0.9876536898594478
crystalline_0167.jpg,45,0.38311028439224915,105.5725602056613,0.1741922188251616,0.9902114055566551
crystalline_0167.jpg,90,0.3656231392580168,105.05886757573644,0.12948345736811456,0.9904864611608379
crystalline_0167.jpg,135,0.37432772732501574,115.7926924457984,0.1741569159600312,0.9894963067651212
crystalline_0168.jpg,0,0.34498562652004044,31.61164732802983,0.03022586364120075,0.987230418137722
crystalline_0168.jpg,45,0.508241014600608,53.532863948684714,0.20184531653019755,0.9944574341018891
crystalline_0168.jpg,90,0.5823930074939764,38.49568546790883,0.2775616177852846,0.9966283222875617
crystalline_0168.jpg,135,0.5088836565752346,48.91631263102278,0.20163113894950288,0.9949950101679025
crystalline_0169.jpg,0,0.19834255371539866,94.94916840658026,0.015993606142606663,0.9847158007133738
crystalline_0169.jpg,45,0.3482763148862134,100.44979904627945,0.16931783474876477,0.9898220653294355
crystalline_0169.jpg,90,0.30519420926141394,90.81969102267688,0.09266924712750106,0.9891813429078988
crystalline_0169.jpg,135,0.3490460896136451,103.9657649513551,0.16934768729589245,0.9895412487272709
crystalline_0170.jpg,0,0.19255710055289865,267.01077123263735,0.024766261289596476,0.9702657795666938
crystalline_0170.jpg,45,0.34699986839035524,168.99735390490747,0.17836796978870842,0.9760418000630529
crystalline_0170.jpg,90,0.3674698764785881,132.24720786646918,0.1721014614652399,0.9827554424451306
crystalline_0170.jpg,135,0.34833912955903795,170.0898081888547,0.1782997337817223,0.9766695911080842
crystalline_0171.jpg,0,0.1623594581053786,285.272160921296,0.013649542295305657,0.9439260984207369
crystalline_0171.jpg,45,0.3191180752841777,220.01556887011066,0.1759228828899847,0.9814061848574033
crystalline_0171.jpg,90,0.28171771494003317,317.02686782485677,0.14517140891072103,0.9708584327094264
crystalline_0171.jpg,135,0.3176083612545162,220.90954203087546,0.17591859210602157,0.9812519328552926
crystalline_0172.jpg,0,0.2085738925885664,130.93912223418937,0.024984565700527775,0.951507800656931
crystalline_0172.jpg,45,0.35725816076251043,87.58665527362018,0.16689964294056694,0.9638254655034295
crystalline_0172.jpg,90,0.2389491553667845,167.77483644298786,0.04562378641694406,0.9374929567501012
crystalline_0172.jpg,135,0.3577814829395582,85.43895303181765,0.16692900657764032,0.9636179559749984
crystalline_0173.jpg,0,0.2715722138626782,42.443765977380885,0.021598277758449514,0.9918011859550065
crystalline_0173.jpg,45,0.4067685744320686,54.65208994434353,0.17064712982410918,0.9937558831163407
crystalline_0173.jpg,90,0.3648891915493975,53.05404293264179,0.08183216342446334,0.9924349121026244
crystalline_0173.jpg,135,0.4107101774023444,56.79066341964632,0.17069581654810664,0.9937642110157296
crystalline_0174.jpg,0,0.1760515183435956,165.23286470647895,0.01889135414846631,0.9643827727239459
crystalline_0174.jpg,45,0.3315327225569967,128.8827124659924,0.17005952390350992,0.9869649798184637
crystalline_0174.jpg,90,0.21681988732808274,118.72864397479262,0.02143577480016219,0.9745715298423179
crystalline_0174.jpg,135,0.3315744728388177,128.98564099790852,0.1700031304752031,0.9869442176974075
crystalline_0175.jpg,0,0.5561401936582195,14.30668629626928,0.037549537890241576,0.9972663368189196
crystalline_0175.jpg,45,0.6415547398129482,17.70187506155781,0.1725932134621461,0.9976294733667961
crystalline_0175.jpg,90,0.5804069048266487,28.67932756858361,0.062386440101267926,0.9951821388624018
crystalline_0175.jpg,135,0.6412663369629974,17.37604466557455,0.17258709430972552,0.9976706171768108
crystalline_0176.jpg,0,0.19279204168757585,102.94009582276865,0.020337514926905383,0.9677622081264207
crystalline_0176.jpg,45,0.35822262367396995,83.87041675893812,0.171498365499997,0.9918569430412458
crystalline_0176.jpg,90,0.3205807049735689,72.70279158065577,0.0950734110758498,0.9905429643583124
crystalline_0176.jpg,135,0.35887306307830846,83.01036296672206,0.171515527659306,0.9920814072046669
crystalline_0177.jpg,0,0.2832107600400136,41.74393087741873,0.02139477304219995,0.9900658524271878
crystalline_0177.jpg,45,0.42203000139355296,40.05038416844033,0.17691927226366824,0.9916317332523121
crystalline_0177.jpg,90,0.41787853435419875,38.025917078832286,0.14880930836714462,0.992403870019855
crystalline_0177.jpg,135,0.42786849747427363,37.1871591720014,0.1769535216414477,0.9920994948597721
crystalline_0178.jpg,0,0.13664989127808766,224.3515598959239,0.01276217503597014,0.9625864392735146
crystalline_0178.jpg,45,0.3155550127301782,150.14650349341122,0.18704509050914842,0.9832414738280282
crystalline_0178.jpg,90,0.3556143633558547,112.78912393176302,0.21856125405178556,0.9862368732526331
crystalline_0178.jpg,135,0.30754413666283464,149.18700529418334,0.18705495493680305,0.9812396419532403
crystalline_0179.jpg,0,0.20986272863705585,111.84178401199813,0.016795937907650715,0.9749586041775821
crystalline_0179.jpg,45,0.3686232104024424,69.52527253778302,0.1901542616514205,0.9904396498546458
crystalline_0179.jpg,90,0.3870722684390849,112.95801812335202,0.24039113212545948,0.9856102814130411
crystalline_0179.jpg,135,0.36815263178688,70.32802219045033,0.19016862055539224,0.9902284782425044
crystalline_0180.jpg,0,0.12261586193430651,303.85934185055555,0.01247489680721462,0.9575837053180404
crystalline_0180.jpg,45,0.31142878599432916,188.77695274170924,0.19528401717542446,0.9802577609800909
crystalline_0180.jpg,90,0.38233989950929864,146.21566228138087,0.2599715136967874,0.9861802733678313
crystalline_0180.jpg,135,0.3042422227558424,196.71846314610264,0.19522381002868666,0.9791928013523566
crystalline_0181.jpg,0,0.06995892699814282,708.7099124499267,0.009317190309233397,0.8389834742569714
crystalline_0181.jpg,45,0.2737838425357365,395.2449084314536,0.20900434087711253,0.9468731968586228
crystalline_0181.jpg,90,0.36847081950264055,280.18599079111675,0.30748071385678777,0.9654720258805869
crystalline_0181.jpg,135,0.27177393136051026,412.02787505997617,0.2089812035031099,0.9452597761345277
crystalline_0182.jpg,0,0.237156546787888,98.5047224926621,0.01850798631820372,0.9814590310667789
crystalline_0182.jpg,45,0.38440465598817747,97.26670841233084,0.16808123317923546,0.9909392938409347
crystalline_0182.jpg,90,0.23869157597973115,155.00132122705133,0.018647797757335667,0.9715681453260661
crystalline_0182.jpg,135,0.38462064310097055,97.13134066301478,0.1680978885464347,0.9909413473263895
crystalline_0183.jpg,0,0.3614449728055464,33.10688457580876,0.035644541694242665,0.9859383075390183
crystalline_0183.jpg,45,0.48814829919678493,51.64533594604508,0.1723013799069238,0.9942142825129285
crystalline_0183.jpg,90,0.4071851490997097,92.09255964659995,0.07872719389289934,0.9824545235748099
crystalline_0183.jpg,135,0.4874986165134257,52.732985499888954,0.1723450448355049,0.994107181782636
crystalline_0184.jpg,0,0.17147638183965117,380.1919491529375,0.020249866395636848,0.9047626264661425
crystalline_0184.jpg,45,0.33195080412095,286.3210503780635,0.16817314002150732,0.9808137029357972
crystalline_0184.jpg,90,0.21877186020711806,250.05855438706863,0.02422437073508412,0.9384560405552239
crystalline_0184.jpg,135,0.3317018623364719,286.9174491578717,0.168194186158199,0.9807823559697437
crystalline_0185.jpg,0,0.23868372105276428,160.67464175452128,0.020940744160022763,0.9583199936142459
crystalline_0185.jpg,45,0.38808149566134975,126.81593810436698,0.16854408527098466,0.9833843063257095
crystalline_0185.jpg,90,0.3073046385708673,125.55883209094577,0.033370041836099054,0.9719041829906292
crystalline_0185.jpg,135,0.3865257635258626,129.40579444573947,0.1685502430357993,0.9830444790262929
crystalline_0186.jpg,0,0.3365366152773547,57.23971384171351,0.030417695388776318,0.9737083578710926
crystalline_0186.jpg,45,0.49580641277472,64.78713194190867,0.22425439653638618,0.9933036690120524
crystalline_0186.jpg,90,0.5636893740239882,86.44746486816477,0.34866776993665455,0.9927657807863263
crystalline_0186.jpg,135,0.5018926065951033,66.09182899800966,0.22437868282785944,0.9930533380488702
crystalline_0187.jpg,0,0.15508243119095208,200.9819777258478,0.014763695117188367,0.9508962167747884
crystalline_0187.jpg,45,0.3177083453734013,136.61504614144468,0.17754083810449717,0.9728874302564275
crystalline_0187.jpg,90,0.3009978260980671,182.78315407951897,0.17314930760459246,0.9636628580177474
crystalline_0187.jpg,135,0.31874769563316874,124.13335325529292,0.1775658111083734,0.9764330059713136
crystalline_0188.jpg,0,0.4688871887243481,12.801392129794314,0.056052316636311994,0.981890559212947
crystalline_0188.jpg,45,0.5682039071701238,40.69227164301556,0.17507244415061643,0.9943771104257338
crystalline_0188.jpg,90,0.5245615963280886,34.37899016451225,0.07505033399716535,0.9880876804203528
crystalline_0188.jpg,135,0.5655372252604157,39.94882729954821,0.174879125674528,0.9944793198252275
crystalline_0189.jpg,0,0.21563170351301159,67.41205478190786,0.01937589579360515,0.9809216634127431
crystalline_0189.jpg,45,0.3603211091203722,58.63231383756501,0.16906967616946306,0.9899422532367161
crystalline_0189.jpg,90,0.22039052707699414,87.34436965432809,0.02154303614602307,0.9762557492668046
crystalline_0189.jpg,135,0.36015063739578773,58.76195896022955,0.16896902623758597,0.9899073716443516
crystalline_0190.jpg,0,0.18164127306226904,111.11862061119783,0.021364791707651123,0.9502975322754883
crystalline_0190.jpg,45,0.32709432033239993,114.85923679061881,0.16816564786593685,0.9826763058712684
crystalline_0190.jpg,90,0.2687477136828165,99.98578255537882,0.07108421101538615,0.9768267285915925
crystalline_0190.jpg,135,0.3252562715994213,116.74288575470992,0.1681982962817502,0.9824982590508073
crystalline_0191.jpg,0,0.3632604906944095,26.664461847773232,0.03639521948730268,0.9746998015197178
crystalline_0191.jpg,45,0.5154405604699213,34.9319005138082,0.19086000120672794,0.9947851023411763
crystalline_0191.jpg,90,0.5140438257090114,52.12227611832425,0.2279673265379481,0.992981671100655
crystalline_0191.jpg,135,0.5092754320120568,37.16612708969809,0.190790279156966,0.99458884807465
crystalline_0192.jpg,0,0.2625112310314308,76.84057074745621,0.025264938838349973,0.9666327359535084
crystalline_0192.jpg,45,0.4392882259754364,68.16818415014922,0.20684779865700226,0.9933368973977378
crystalline_0192.jpg,90,0.4777762559578423,107.73011657422273,0.29853623168265214,0.9911215062343228
crystalline_0192.jpg,135,0.430652481089495,81.06710518458912,0.2067422928320962,0.9919862921842786
crystalline_0193.jpg,0,0.43678621820984054,100.74871942351508,0.05198789328968559,0.9718445366673012
crystalline_0193.jpg,45,0.5515305726534828,94.08851447215739,0.18211481560764556,0.9880339791560028
crystalline_0193.jpg,90,0.5324827239586069,90.59360820677927,0.16396823913655564,0.9880379506610235
crystalline_0193.jpg,135,0.5213247664706802,101.23664896097375,0.1805891548282929,0.9870931324015192
crystalline_0194.jpg,0,0.16428131754801667,280.83295786071676,0.013018409981113753,0.9592394628995963
crystalline_0194.jpg,45,0.3562749427654543,174.08193302472765,0.20551650126383983,0.9856197238578565
crystalline_0194.jpg,90,0.44055667873262916,117.24599734586049,0.2950818734603182,0.9908359658400494
crystalline_0194.jpg,135,0.35108433263586125,170.1685235926171,0.20551007029670085,0.9843467315395373
crystalline_0195.jpg,0,0.0797974621699507,567.2134795324581,0.011863616768550724,0.8593734765085087
crystalline_0195.jpg,45,0.26763205053692185,299.6592038150927,0.18489964155598906,0.9495095221683486
crystalline_0195.jpg,90,0.3052789824213613,220.763458976607,0.21001497582140244,0.9632621229210201
crystalline_0195.jpg,135,0.2668635746578434,307.94773129742134,0.1848952948361085,0.9492752009634732
crystalline_0196.jpg,0,0.056442052674539195,822.9039234327051,0.007887573042761635,0.8576339562947191
crystalline_0196.jpg,45,0.25088197576675814,322.9650010630878,0.18353091636614816,0.9675145568430016
crystalline_0196.jpg,90,0.2970395394848846,185.90466258820507,0.20831690087773563,0.9828065287073058
crystalline_0196.jpg,135,0.24972618520693907,345.9647790222973,0.18354441551535372,0.9655616073101105
crystalline_0197.jpg,0,0.17569856925315128,301.9454018573066,0.022859705063470164,0.9324172957387769
crystalline_0197.jpg,45,0.35452411590997174,117.61500904433412,0.17572389406362793,0.9690075485322982
crystalline_0197.jpg,90,0.37490499619152473,69.9355676716764,0.1476848755169141,0.9838866904621395
crystalline_0197.jpg,135,0.3524590661664492,117.23047601720567,0.17565384943827556,0.96788406035739
crystalline_0198.jpg,0,0.23699014347870942,182.14703413508005,0.02106983580008203,0.9578409548711727
crystalline_0198.jpg,45,0.38105099912472834,120.85491885671453,0.16998431021520422,0.9800441493685121
crystalline_0198.jpg,90,0.31241033409070174,111.24800687618807,0.049915511983922266,0.9771052805606533
crystalline_0198.jpg,135,0.38080620933035536,122.55843685282731,0.16999663395820486,0.9798390495364655
crystalline_0199.jpg,0,0.1727947013330761,195.65111946493377,0.018049107848316284,0.9299194065616452
crystalline_0199.jpg,45,0.33875848153311416,125.03561977958256,0.1695472164480821,0.9751584969467676
crystalline_0199.jpg,90,0.18843502300992893,233.88626760792246,0.026808227797252206,0.9269264710682954
crystalline_0199.jpg,135,0.3388082807690184,124.45549138372917,0.16955904249470719,0.9751912846794036
crystalline_0200.jpg,0,0.10751478098289485,400.5085567438567,0.014837867130101958,0.8737507456471556
crystalline_0200.jpg,45,0.28467628587304905,241.72331785391563,0.18080975230832627,0.9287717598072712
crystalline_0200.jpg,90,0.2718090277824103,334.5672496776001,0.18266868121003577,0.9163473356295723
crystalline_0200.jpg,135,0.2813471973193242,257.88470233433793,0.1807657036289899,0.9326205541617103
crystalline_0201.jpg,0,0.19639950351899896,111.14680716257102,0.020342699335310247,0.9514401123376431
crystalline_0201.jpg,45,0.44029914541074955,90.64250024561295,0.2893368211887689,0.9905909759956469
crystalline_0201.jpg,90,0.5706272460387665,94.76265674762668,0.46707935221689084,0.9908117122065205
crystalline_0201.jpg,135,0.437437652946442,83.65934100284548,0.28933037294282915,0.9909659132744192
crystalline_0202.jpg,0,0.1231730882767901,385.0383989114057,0.015231143139292873,0.9132038331903474
crystalline_0202.jpg,45,0.27879992627032035,257.01068935824225,0.16599337395557157,0.9718586961188687
crystalline_0202.jpg,90,0.1587150972290385,227.97447827534825,0.01839531645932692,0.9489224079443989
crystalline_0202.jpg,135,0.27806229740645044,256.3989078128892,0.16602629469206182,0.9718114273921937
crystalline_0203.jpg,0,0.27869285041254177,67.41591786985575,0.028987670756308447,0.9849131685238264
crystalline_0203.jpg,45,0.4270400488790208,83.88476103492908,0.17028466377322637,0.992424393113698
crystalline_0203.jpg,90,0.34340133947689033,75.55874159073313,0.03242560242152608,0.9845791751509388
crystalline_0203.jpg,135,0.4272298818189389,84.37668042427335,0.17029057206511738,0.99238507771945
crystalline_0204.jpg,0,0.2719229333633828,101.9888835144871,0.02393365321954732,0.9812957771852298
crystalline_0204.jpg,45,0.4053240315872774,77.89582891404103,0.1699551013643543,0.9865419335692499
crystalline_0204.jpg,90,0.2825100112677151,115.93837832754625,0.02897844638843316,0.9790067361816659
crystalline_0204.jpg,135,0.40490494821532536,78.74443947265623,0.16995534521111952,0.9865415408887602
crystalline_0205.jpg,0,0.2817398736157569,80.69744111936967,0.0425531655980524,0.9912110957490694
crystalline_0205.jpg,45,0.4288080548148802,71.50966969960902,0.19622132851266003,0.9939944606454515
crystalline_0205.jpg,90,0.4381871466333428,84.38987600928954,0.2498509069914551,0.9925125350262811
crystalline_0205.jpg,135,0.4277431801186046,75.50002228269756,0.19693444069377358,0.9937963556547682
crystalline_0206.jpg,0,0.34538692257345877,134.8593714993903,0.03121473988970612,0.9822164773528038
crystalline_0206.jpg,45,0.47228837832976306,107.28068620784492,0.18029489226325593,0.9823319678378603
crystalline_0206.jpg,90,0.4853034336276515,106.17580475349774,0.17470213919251834,0.9858142720325361
crystalline_0206.jpg,135,0.47847927398331047,101.3342665297526,0.18043449657184008,0.9849774026203446
crystalline_0207.jpg,0,0.2774371897427308,96.30230127275411,0.02430948004388207,0.9870920760995472
crystalline_0207.jpg,45,0.45217405667802874,64.91076612506981,0.20022171852221796,0.9919789759092983
crystalline_0207.jpg,90,0.5167420280416781,59.04892241717576,0.2738653401904314,0.994130161531768
crystalline_0207.jpg,135,0.4365787522066553,80.02243197685254,0.199865476855158,0.9914725150460069
crystalline_0208.jpg,0,0.2762437451487111,54.491488307235514,0.023956701580909408,0.979565297069423
crystalline_0208.jpg,45,0.4136322602123587,42.41268554892577,0.1700993928495977,0.982879867678982
crystalline_0208.jpg,90,0.28994186115293324,83.07514060347361,0.030666611643586812,0.969225877990854
crystalline_0208.jpg,135,0.4146348866481262,41.96628226838121,0.17011505078663045,0.9829409888840119
crystalline_0209.jpg,0,0.2224868760834223,48.31144660872062,0.025268182289237308,0.9534647218326572
crystalline_0209.jpg,45,0.38287989657456484,60.301721607540955,0.18892093220435408,0.988655431630529
crystalline_0209.jpg,90,0.4172817967231817,50.52278047828317,0.22532942211745063,0.9913534724180413
crystalline_0209.jpg,135,0.37930383591209405,58.762639368160414,0.18887199685323697,0.9888926021795018
crystalline_0210.jpg,0,0.309539762840356,39.60528405480433,0.021716750047657715,0.9911136778776142
crystalline_0210.jpg,45,0.4262234779238517,43.209305607181584,0.1703106015605275,0.9941576487261363
crystalline_0210.jpg,90,0.3605507028688554,42.28613825276184,0.062239269312264874,0.9923629019229783
crystalline_0210.jpg,135,0.4254853198973526,42.413369352590735,0.17030007845006145,0.9943013996047466
crystalline_0211.jpg,0,0.24872978390366446,61.06916931746741,0.027512428059172846,0.9367365070954097
crystalline_0211.jpg,45,0.4009289228819717,65.69639356516196,0.16909424420821983,0.9908268632224617
crystalline_0211.jpg,90,0.25187156756285184,120.21251717456094,0.02792644033788591,0.9047277778165297
crystalline_0211.jpg,135,0.4006394798106395,65.90131857467584,0.16910554732800967,0.9907982338236384
crystalline_0212.jpg,0,0.13541194854287172,334.44538403875174,0.011461532579700923,0.9569580998563896
crystalline_0212.jpg,45,0.2980791128264802,232.62591903955027,0.17019499041975136,0.9832317006217433
crystalline_0212.jpg,90,0.24380846405331208,191.45618837616337,0.08304785462870987,0.9827278002195243
crystalline_0212.jpg,135,0.29703067070052525,238.13886337660196,0.17020154818081315,0.9825696599771438
crystalline_0213.jpg,0,0.32622146644009253,28.351696616614973,0.027283797950019957,0.9859425723556505
crystalline_0213.jpg,45,0.47293008661082253,49.13407609604157,0.20477106164283274,0.9932048904545867
crystalline_0213.jpg,90,0.5202258653662155,76.71351031236098,0.2923714131780641,0.9915006416638945
crystalline_0213.jpg,135,0.4709176262666358,54.32480725969969,0.20472212865786488,0.9927973494704069
crystalline_0214.jpg,0,0.09093488746498353,467.60746944759325,0.012972695690106043,0.8733473760659907
crystalline_0214.jpg,45,0.2682700166692249,233.18614894484216,0.16728146466999977,0.9670014757530071
crystalline_0214.jpg,90,0.0960739789864933,530.4416515831077,0.014368774694493781,0.8631420874038496
crystalline_0214.jpg,135,0.26833506882784547,232.73042234445697,0.16729960741469913,0.9670751370030796
crystalline_0215.jpg,0,0.2196733634246441,59.996704173243444,0.02628383874314001,0.9589829084802696
crystalline_0215.jpg,45,0.38103107362025856,40.30677732871507,0.17731666699171414,0.980811811478546
crystalline_0215.jpg,90,0.33088793059330024,79.45057821684588,0.14647792644946062,0.9655304775081401
crystalline_0215.jpg,135,0.3801699148865269,42.6616934285974,0.1772943295603633,0.9801754500453976
crystalline_0216.jpg,0,0.20829402176020828,70.59754473750392,0.019010735944257562,0.9775207827474794
crystalline_0216.jpg,45,0.3571256777025409,61.42368085481471,0.16803529217713162,0.9890465211359913
crystalline_0216.jpg,90,0.23062394326514676,117.06249673450557,0.035917354237678355,0.9676243940711908
crystalline_0216.jpg,135,0.35701623997850956,60.748663135716995,0.16804565524096565,0.9891425521784143
crystalline_0217.jpg,0,0.49516001856528635,19.404781173061576,0.047042815365547774,0.9918433956831791
crystalline_0217.jpg,45,0.6067196968552313,57.38620534600191,0.1717358701636834,0.993942124288239
crystalline_0217.jpg,90,0.5186038350648795,61.725132514013566,0.04928383938718249,0.9780862036641478
crystalline_0217.jpg,135,0.6057537125729884,57.040106746091816,0.17175151648810752,0.993992996500506
crystalline_0218.jpg,0,0.29457019221140457,47.59412846725088,0.02545450601689942,0.9835363401365083
crystalline_0218.jpg,45,0.4373795005743476,80.29368187608547,0.18313022070171112,0.9928928447055939
crystalline_0218.jpg,90,0.4257119078855086,131.74773695247703,0.20245089824151252,0.9893687326251857
crystalline_0218.jpg,135,0.43821618500657655,77.28885537453252,0.18316967765138384,0.993300594245843
crystalline_0219.jpg,0,0.2376531633999236,140.75385091358172,0.02675995326176358,0.9527621868767998
crystalline_0219.jpg,45,0.3953759748628934,137.37500715765023,0.17156894453748942,0.9898870093782716
crystalline_0219.jpg,90,0.3129465216195857,246.4362550663039,0.10335949007650762,0.9744080186470847
crystalline_0219.jpg,135,0.39789811322915813,144.46410222458556,0.17178918010699737,0.9893956511615267
crystalline_0220.jpg,0,0.2560030731779962,76.82258686550007,0.020313649801359412,0.9891857128431651
crystalline_0220.jpg,45,0.39130218636215586,92.6987368860859,0.1673805427876282,0.9930222343313102
crystalline_0220.jpg,90,0.287992840975311,78.11620763580862,0.021825078580061046,0.9890285782618841
crystalline_0220.jpg,135,0.39138989265911683,92.40574496933496,0.1673955297560088,0.9930432244113532
