Contraste;Disimilaridad;Homogeneidad;Energia;Etiqueta
"0.058440737,1405.190318,0.398385451,0.014604449,0";;;;
"0.058440737,1405.190318,0.398385451,0.014604449,0";;;;
"0.058440737,1405.190318,0.398385451,0.014604449,0";;;;
"0.058440737,1405.190318,0.398385451,0.014604449,0";;;;
"0.032594513,2303.200335,0.412986175,0.007612794,0";;;;
"0.032594513,2303.200335,0.412986175,0.007612794,0";;;;
"0.032594513,2303.200335,0.412986175,0.007612794,0";;;;
"0.032594513,2303.200335,0.412986175,0.007612794,0";;;;
"0.047504559,834.6502076,0.479866926,0.011451851,0";;;;
"0.047504559,834.6502076,0.479866926,0.011451851,0";;;;
"0.047504559,834.6502076,0.479866926,0.011451851,0";;;;
"0.047504559,834.6502076,0.479866926,0.011451851,0";;;;
"0.031339999,1951.349469,0.545455036,0.007083817,0";;;;
"0.031339999,1951.349469,0.545455036,0.007083817,0";;;;
"0.031339999,1951.349469,0.545455036,0.007083817,0";;;;
"0.031339999,1951.349469,0.545455036,0.007083817,0";;;;
"0.087376103,917.5871048,0.546593617,0.01728884,0";;;;
"0.087376103,917.5871048,0.546593617,0.01728884,0";;;;
"0.087376103,917.5871048,0.546593617,0.01728884,0";;;;
"0.087376103,917.5871048,0.546593617,0.01728884,0";;;;
"0.039858374,4469.479058,0.556360073,0.008073983,0";;;;
"0.039858374,4469.479058,0.556360073,0.008073983,0";;;;
"0.039858374,4469.479058,0.556360073,0.008073983,0";;;;
"0.039858374,4469.479058,0.556360073,0.008073983,0";;;;
"0.147804892,419.8979347,0.557658684,0.028742555,0";;;;
"0.147804892,419.8979347,0.557658684,0.028742555,0";;;;
"0.147804892,419.8979347,0.557658684,0.028742555,0";;;;
"0.147804892,419.8979347,0.557658684,0.028742555,0";;;;
"0.076543355,2082.662711,0.568063085,0.029878898,0";;;;
"0.076543355,2082.662711,0.568063085,0.029878898,0";;;;
"0.076543355,2082.662711,0.568063085,0.029878898,0";;;;
"0.076543355,2082.662711,0.568063085,0.029878898,0";;;;
"0.142208775,1732.279234,0.571036027,0.021926597,0";;;;
"0.142208775,1732.279234,0.571036027,0.021926597,0";;;;
"0.142208775,1732.279234,0.571036027,0.021926597,0";;;;
"0.142208775,1732.279234,0.571036027,0.021926597,0";;;;
"0.108089838,392.0346969,0.592743465,0.021815431,2";;;;
"0.108089838,392.0346969,0.592743465,0.021815431,2";;;;
"0.108089838,392.0346969,0.592743465,0.021815431,2";;;;
"0.108089838,392.0346969,0.592743465,0.021815431,2";;;;
"0.062199497,518.5911175,0.593835752,0.013668833,2";;;;
"0.062199497,518.5911175,0.593835752,0.013668833,2";;;;
"0.062199497,518.5911175,0.593835752,0.013668833,2";;;;
"0.062199497,518.5911175,0.593835752,0.013668833,2";;;;
"0.055745805,2223.066202,0.604144811,0.011997891,0";;;;
"0.055745805,2223.066202,0.604144811,0.011997891,0";;;;
"0.055745805,2223.066202,0.604144811,0.011997891,0";;;;
"0.055745805,2223.066202,0.604144811,0.011997891,0";;;;
"0.033363027,2852.764631,0.605280927,0.006089271,0";;;;
"0.033363027,2852.764631,0.605280927,0.006089271,0";;;;
"0.033363027,2852.764631,0.605280927,0.006089271,0";;;;
"0.033363027,2852.764631,0.605280927,0.006089271,0";;;;
"0.086087598,357.8311511,0.609849403,0.018277797,0";;;;
"0.086087598,357.8311511,0.609849403,0.018277797,0";;;;
"0.086087598,357.8311511,0.609849403,0.018277797,0";;;;
"0.086087598,357.8311511,0.609849403,0.018277797,0";;;;
"0.047882914,2329.201227,0.611561367,0.007271612,2";;;;
"0.047882914,2329.201227,0.611561367,0.007271612,2";;;;
"0.047882914,2329.201227,0.611561367,0.007271612,2";;;;
"0.047882914,2329.201227,0.611561367,0.007271612,2";;;;
"0.292749073,67.10779825,0.611588466,0.058828737,0";;;;
"0.292749073,67.10779825,0.611588466,0.058828737,0";;;;
"0.292749073,67.10779825,0.611588466,0.058828737,0";;;;
"0.292749073,67.10779825,0.611588466,0.058828737,0";;;;
"0.069635909,591.2461759,0.620743236,0.015428451,0";;;;
"0.069635909,591.2461759,0.620743236,0.015428451,0";;;;
"0.069635909,591.2461759,0.620743236,0.015428451,0";;;;
"0.069635909,591.2461759,0.620743236,0.015428451,0";;;;
"0.031268333,3075.204576,0.622463394,0.005770038,0";;;;
"0.031268333,3075.204576,0.622463394,0.005770038,0";;;;
"0.031268333,3075.204576,0.622463394,0.005770038,0";;;;
"0.031268333,3075.204576,0.622463394,0.005770038,0";;;;
"0.054870703,1033.767087,0.625711413,0.01245814,0";;;;
"0.054870703,1033.767087,0.625711413,0.01245814,0";;;;
"0.054870703,1033.767087,0.625711413,0.01245814,0";;;;
"0.054870703,1033.767087,0.625711413,0.01245814,0";;;;
"0.067454559,566.1033342,0.627293302,0.015554579,0";;;;
"0.067454559,566.1033342,0.627293302,0.015554579,0";;;;
"0.067454559,566.1033342,0.627293302,0.015554579,0";;;;
"0.067454559,566.1033342,0.627293302,0.015554579,0";;;;
"0.059227342,596.7895589,0.628075351,0.012932637,2";;;;
"0.059227342,596.7895589,0.628075351,0.012932637,2";;;;
"0.059227342,596.7895589,0.628075351,0.012932637,2";;;;
"0.059227342,596.7895589,0.628075351,0.012932637,2";;;;
"0.051789738,1278.726756,0.632505405,0.009586724,0";;;;
"0.051789738,1278.726756,0.632505405,0.009586724,0";;;;
"0.051789738,1278.726756,0.632505405,0.009586724,0";;;;
"0.051789738,1278.726756,0.632505405,0.009586724,0";;;;
"0.120406564,221.0346336,0.642230116,0.022689462,0";;;;
"0.120406564,221.0346336,0.642230116,0.022689462,0";;;;
"0.120406564,221.0346336,0.642230116,0.022689462,0";;;;
"0.120406564,221.0346336,0.642230116,0.022689462,0";;;;
"0.052289991,934.0179091,0.64721327,0.011268744,0";;;;
"0.052289991,934.0179091,0.64721327,0.011268744,0";;;;
"0.052289991,934.0179091,0.64721327,0.011268744,0";;;;
"0.052289991,934.0179091,0.64721327,0.011268744,0";;;;
"0.08213972,398.3473927,0.659265894,0.01671052,0";;;;
"0.08213972,398.3473927,0.659265894,0.01671052,0";;;;
"0.08213972,398.3473927,0.659265894,0.01671052,0";;;;
"0.08213972,398.3473927,0.659265894,0.01671052,0";;;;
"0.072567694,2163.957124,0.660054692,0.009267002,1";;;;
"0.072567694,2163.957124,0.660054692,0.009267002,1";;;;
"0.072567694,2163.957124,0.660054692,0.009267002,1";;;;
"0.072567694,2163.957124,0.660054692,0.009267002,1";;;;
"0.049529313,934.9042847,0.665100454,0.010248858,0";;;;
"0.049529313,934.9042847,0.665100454,0.010248858,0";;;;
"0.049529313,934.9042847,0.665100454,0.010248858,0";;;;
"0.049529313,934.9042847,0.665100454,0.010248858,0";;;;
"0.055023522,4036.263275,0.665245123,0.010936241,0";;;;
"0.055023522,4036.263275,0.665245123,0.010936241,0";;;;
"0.055023522,4036.263275,0.665245123,0.010936241,0";;;;
"0.055023522,4036.263275,0.665245123,0.010936241,0";;;;
"0.039165189,1598.606558,0.669648378,0.006973339,0";;;;
"0.039165189,1598.606558,0.669648378,0.006973339,0";;;;
"0.039165189,1598.606558,0.669648378,0.006973339,0";;;;
"0.039165189,1598.606558,0.669648378,0.006973339,0";;;;
"0.043326333,1403.040984,0.672177593,0.00836812,0";;;;
"0.043326333,1403.040984,0.672177593,0.00836812,0";;;;
"0.043326333,1403.040984,0.672177593,0.00836812,0";;;;
"0.043326333,1403.040984,0.672177593,0.00836812,0";;;;
"0.057103579,1295.707856,0.673420944,0.010728733,0";;;;
"0.057103579,1295.707856,0.673420944,0.010728733,0";;;;
"0.057103579,1295.707856,0.673420944,0.010728733,0";;;;
"0.057103579,1295.707856,0.673420944,0.010728733,0";;;;
"0.04786922,1160.226727,0.680413424,0.009069259,0";;;;
"0.04786922,1160.226727,0.680413424,0.009069259,0";;;;
"0.04786922,1160.226727,0.680413424,0.009069259,0";;;;
"0.04786922,1160.226727,0.680413424,0.009069259,0";;;;
"0.071295465,842.4104117,0.686069681,0.012040967,0";;;;
"0.071295465,842.4104117,0.686069681,0.012040967,0";;;;
"0.071295465,842.4104117,0.686069681,0.012040967,0";;;;
"0.071295465,842.4104117,0.686069681,0.012040967,0";;;;
"0.060445266,2022.139024,0.697609783,0.011195244,0";;;;
"0.060445266,2022.139024,0.697609783,0.011195244,0";;;;
"0.060445266,2022.139024,0.697609783,0.011195244,0";;;;
"0.060445266,2022.139024,0.697609783,0.011195244,0";;;;
"0.046799416,2338.409492,0.69982737,0.009386855,0";;;;
"0.046799416,2338.409492,0.69982737,0.009386855,0";;;;
"0.046799416,2338.409492,0.69982737,0.009386855,0";;;;
"0.046799416,2338.409492,0.69982737,0.009386855,0";;;;
"0.047603686,1735.165702,0.7082641,0.007917021,0";;;;
"0.047603686,1735.165702,0.7082641,0.007917021,0";;;;
"0.047603686,1735.165702,0.7082641,0.007917021,0";;;;
"0.047603686,1735.165702,0.7082641,0.007917021,0";;;;
"0.045455208,1081.919255,0.708458606,0.008189885,0";;;;
"0.045455208,1081.919255,0.708458606,0.008189885,0";;;;
"0.045455208,1081.919255,0.708458606,0.008189885,0";;;;
"0.045455208,1081.919255,0.708458606,0.008189885,0";;;;
"0.083764288,1788.021575,0.710091611,0.012304975,0";;;;
"0.083764288,1788.021575,0.710091611,0.012304975,0";;;;
"0.083764288,1788.021575,0.710091611,0.012304975,0";;;;
"0.083764288,1788.021575,0.710091611,0.012304975,0";;;;
"0.038918025,2084.097821,0.716237526,0.006960118,0";;;;
"0.038918025,2084.097821,0.716237526,0.006960118,0";;;;
"0.038918025,2084.097821,0.716237526,0.006960118,0";;;;
"0.038918025,2084.097821,0.716237526,0.006960118,0";;;;
"0.059183635,677.4182903,0.720938596,0.010553641,0";;;;
"0.059183635,677.4182903,0.720938596,0.010553641,0";;;;
"0.059183635,677.4182903,0.720938596,0.010553641,0";;;;
"0.059183635,677.4182903,0.720938596,0.010553641,0";;;;
"0.048091656,1535.559375,0.722052167,0.008013808,0";;;;
"0.048091656,1535.559375,0.722052167,0.008013808,0";;;;
"0.048091656,1535.559375,0.722052167,0.008013808,0";;;;
"0.048091656,1535.559375,0.722052167,0.008013808,0";;;;
"0.069248421,602.7906456,0.722984304,0.01335409,0";;;;
"0.069248421,602.7906456,0.722984304,0.01335409,0";;;;
"0.069248421,602.7906456,0.722984304,0.01335409,0";;;;
"0.069248421,602.7906456,0.722984304,0.01335409,0";;;;
"0.062444773,1117.195814,0.723898107,0.012311665,0";;;;
"0.062444773,1117.195814,0.723898107,0.012311665,0";;;;
"0.062444773,1117.195814,0.723898107,0.012311665,0";;;;
"0.062444773,1117.195814,0.723898107,0.012311665,0";;;;
"0.05086299,1119.880088,0.728686711,0.008189615,2";;;;
"0.05086299,1119.880088,0.728686711,0.008189615,2";;;;
"0.05086299,1119.880088,0.728686711,0.008189615,2";;;;
"0.05086299,1119.880088,0.728686711,0.008189615,2";;;;
"0.055051146,2235.105366,0.729433315,0.014143321,0";;;;
"0.055051146,2235.105366,0.729433315,0.014143321,0";;;;
"0.055051146,2235.105366,0.729433315,0.014143321,0";;;;
"0.055051146,2235.105366,0.729433315,0.014143321,0";;;;
"0.078863471,1125.593014,0.729497938,0.010433468,2";;;;
"0.078863471,1125.593014,0.729497938,0.010433468,2";;;;
"0.078863471,1125.593014,0.729497938,0.010433468,2";;;;
"0.078863471,1125.593014,0.729497938,0.010433468,2";;;;
"0.077449884,1726.776308,0.729960563,0.012585212,0";;;;
"0.077449884,1726.776308,0.729960563,0.012585212,0";;;;
"0.077449884,1726.776308,0.729960563,0.012585212,0";;;;
"0.077449884,1726.776308,0.729960563,0.012585212,0";;;;
"0.112257116,753.8961286,0.730258629,0.013757752,0";;;;
"0.112257116,753.8961286,0.730258629,0.013757752,0";;;;
"0.112257116,753.8961286,0.730258629,0.013757752,0";;;;
"0.112257116,753.8961286,0.730258629,0.013757752,0";;;;
"0.043598123,1475.254665,0.730317162,0.007143344,0";;;;
"0.043598123,1475.254665,0.730317162,0.007143344,0";;;;
"0.043598123,1475.254665,0.730317162,0.007143344,0";;;;
"0.043598123,1475.254665,0.730317162,0.007143344,0";;;;
"0.078685655,479.1958024,0.732764805,0.016019905,0";;;;
"0.078685655,479.1958024,0.732764805,0.016019905,0";;;;
"0.078685655,479.1958024,0.732764805,0.016019905,0";;;;
"0.078685655,479.1958024,0.732764805,0.016019905,0";;;;
"0.089800631,992.5540171,0.737480254,0.01980828,0";;;;
"0.089800631,992.5540171,0.737480254,0.01980828,0";;;;
"0.089800631,992.5540171,0.737480254,0.01980828,0";;;;
"0.089800631,992.5540171,0.737480254,0.01980828,0";;;;
"0.047224152,951.8331846,0.737745346,0.008653759,0";;;;
"0.047224152,951.8331846,0.737745346,0.008653759,0";;;;
"0.047224152,951.8331846,0.737745346,0.008653759,0";;;;
"0.047224152,951.8331846,0.737745346,0.008653759,0";;;;
"0.067045482,536.6149372,0.737958397,0.011889867,0";;;;
"0.067045482,536.6149372,0.737958397,0.011889867,0";;;;
"0.067045482,536.6149372,0.737958397,0.011889867,0";;;;
"0.067045482,536.6149372,0.737958397,0.011889867,0";;;;
"0.059344383,1908.04677,0.745006156,0.008036763,2";;;;
"0.059344383,1908.04677,0.745006156,0.008036763,2";;;;
"0.059344383,1908.04677,0.745006156,0.008036763,2";;;;
"0.059344383,1908.04677,0.745006156,0.008036763,2";;;;
"0.078163871,472.9685458,0.745478127,0.013266569,0";;;;
"0.078163871,472.9685458,0.745478127,0.013266569,0";;;;
"0.078163871,472.9685458,0.745478127,0.013266569,0";;;;
"0.078163871,472.9685458,0.745478127,0.013266569,0";;;;
"0.04163566,1528.823949,0.747350945,0.007032519,2";;;;
"0.04163566,1528.823949,0.747350945,0.007032519,2";;;;
"0.04163566,1528.823949,0.747350945,0.007032519,2";;;;
"0.04163566,1528.823949,0.747350945,0.007032519,2";;;;
"0.05305597,2248.871948,0.74982295,0.009244057,0";;;;
"0.05305597,2248.871948,0.74982295,0.009244057,0";;;;
"0.05305597,2248.871948,0.74982295,0.009244057,0";;;;
"0.05305597,2248.871948,0.74982295,0.009244057,0";;;;
"0.096991337,493.7101106,0.755640502,0.012821614,2";;;;
"0.096991337,493.7101106,0.755640502,0.012821614,2";;;;
"0.096991337,493.7101106,0.755640502,0.012821614,2";;;;
"0.096991337,493.7101106,0.755640502,0.012821614,2";;;;
"0.098000056,1510.648753,0.755789471,0.01353857,0";;;;
"0.098000056,1510.648753,0.755789471,0.01353857,0";;;;
"0.098000056,1510.648753,0.755789471,0.01353857,0";;;;
"0.098000056,1510.648753,0.755789471,0.01353857,0";;;;
"0.068578078,1568.369758,0.758004423,0.008019468,0";;;;
"0.068578078,1568.369758,0.758004423,0.008019468,0";;;;
"0.068578078,1568.369758,0.758004423,0.008019468,0";;;;
"0.068578078,1568.369758,0.758004423,0.008019468,0";;;;
"0.069680159,1153.754581,0.758711028,0.010617645,2";;;;
"0.069680159,1153.754581,0.758711028,0.010617645,2";;;;
"0.069680159,1153.754581,0.758711028,0.010617645,2";;;;
"0.069680159,1153.754581,0.758711028,0.010617645,2";;;;
"0.167773158,349.9285831,0.762746144,0.026223378,0";;;;
"0.167773158,349.9285831,0.762746144,0.026223378,0";;;;
"0.167773158,349.9285831,0.762746144,0.026223378,0";;;;
"0.167773158,349.9285831,0.762746144,0.026223378,0";;;;
"0.068579071,702.8647792,0.764983921,0.010781404,0";;;;
"0.068579071,702.8647792,0.764983921,0.010781404,0";;;;
"0.068579071,702.8647792,0.764983921,0.010781404,0";;;;
"0.068579071,702.8647792,0.764983921,0.010781404,0";;;;
"0.063438693,970.1155311,0.769604562,0.010650873,0";;;;
"0.063438693,970.1155311,0.769604562,0.010650873,0";;;;
"0.063438693,970.1155311,0.769604562,0.010650873,0";;;;
"0.063438693,970.1155311,0.769604562,0.010650873,0";;;;
"0.10524143,1907.165371,0.769677138,0.017206662,0";;;;
"0.10524143,1907.165371,0.769677138,0.017206662,0";;;;
"0.10524143,1907.165371,0.769677138,0.017206662,0";;;;
"0.10524143,1907.165371,0.769677138,0.017206662,0";;;;
"0.101804845,437.2046555,0.769920399,0.014573728,2";;;;
"0.101804845,437.2046555,0.769920399,0.014573728,2";;;;
"0.101804845,437.2046555,0.769920399,0.014573728,2";;;;
"0.101804845,437.2046555,0.769920399,0.014573728,2";;;;
"0.045971553,1059.571738,0.770167832,0.007833826,2";;;;
"0.045971553,1059.571738,0.770167832,0.007833826,2";;;;
"0.045971553,1059.571738,0.770167832,0.007833826,2";;;;
"0.045971553,1059.571738,0.770167832,0.007833826,2";;;;
"0.104530982,594.2892899,0.772952745,0.01441048,0";;;;
"0.104530982,594.2892899,0.772952745,0.01441048,0";;;;
"0.104530982,594.2892899,0.772952745,0.01441048,0";;;;
"0.104530982,594.2892899,0.772952745,0.01441048,0";;;;
"0.099363784,1073.949309,0.773513435,0.013006609,0";;;;
"0.099363784,1073.949309,0.773513435,0.013006609,0";;;;
"0.099363784,1073.949309,0.773513435,0.013006609,0";;;;
"0.099363784,1073.949309,0.773513435,0.013006609,0";;;;
"0.194381865,622.8564325,0.777794013,0.02587897,0";;;;
"0.194381865,622.8564325,0.777794013,0.02587897,0";;;;
"0.194381865,622.8564325,0.777794013,0.02587897,0";;;;
"0.194381865,622.8564325,0.777794013,0.02587897,0";;;;
"0.094021831,610.6286386,0.780160541,0.012217039,0";;;;
"0.094021831,610.6286386,0.780160541,0.012217039,0";;;;
"0.094021831,610.6286386,0.780160541,0.012217039,0";;;;
"0.094021831,610.6286386,0.780160541,0.012217039,0";;;;
"0.0887056,426.3808995,0.788099716,0.017556151,0";;;;
"0.0887056,426.3808995,0.788099716,0.017556151,0";;;;
"0.0887056,426.3808995,0.788099716,0.017556151,0";;;;
"0.0887056,426.3808995,0.788099716,0.017556151,0";;;;
"0.067921551,1116.370496,0.791189544,0.010225173,2";;;;
"0.067921551,1116.370496,0.791189544,0.010225173,2";;;;
"0.067921551,1116.370496,0.791189544,0.010225173,2";;;;
"0.067921551,1116.370496,0.791189544,0.010225173,2";;;;
"0.093494887,1246.373597,0.791343611,0.010354236,0";;;;
"0.093494887,1246.373597,0.791343611,0.010354236,0";;;;
"0.093494887,1246.373597,0.791343611,0.010354236,0";;;;
"0.093494887,1246.373597,0.791343611,0.010354236,0";;;;
"0.070911852,2564.340211,0.791783633,0.00835505,2";;;;
"0.070911852,2564.340211,0.791783633,0.00835505,2";;;;
"0.070911852,2564.340211,0.791783633,0.00835505,2";;;;
"0.070911852,2564.340211,0.791783633,0.00835505,2";;;;
"0.11172898,193.6170479,0.794347631,0.020349743,0";;;;
"0.11172898,193.6170479,0.794347631,0.020349743,0";;;;
"0.11172898,193.6170479,0.794347631,0.020349743,0";;;;
"0.11172898,193.6170479,0.794347631,0.020349743,0";;;;
"0.17710678,2096.687512,0.797372153,0.068725952,0";;;;
"0.17710678,2096.687512,0.797372153,0.068725952,0";;;;
"0.17710678,2096.687512,0.797372153,0.068725952,0";;;;
"0.17710678,2096.687512,0.797372153,0.068725952,0";;;;
"0.092809104,1386.462593,0.797843036,0.016186027,0";;;;
"0.092809104,1386.462593,0.797843036,0.016186027,0";;;;
"0.092809104,1386.462593,0.797843036,0.016186027,0";;;;
"0.092809104,1386.462593,0.797843036,0.016186027,0";;;;
"0.082996283,1318.091623,0.803865638,0.014604847,2";;;;
"0.082996283,1318.091623,0.803865638,0.014604847,2";;;;
"0.082996283,1318.091623,0.803865638,0.014604847,2";;;;
"0.082996283,1318.091623,0.803865638,0.014604847,2";;;;
"0.085776923,1894.700711,0.805415664,0.017619387,0";;;;
"0.085776923,1894.700711,0.805415664,0.017619387,0";;;;
"0.085776923,1894.700711,0.805415664,0.017619387,0";;;;
"0.085776923,1894.700711,0.805415664,0.017619387,0";;;;
"0.085628914,579.6126963,0.806118806,0.013448794,2";;;;
"0.085628914,579.6126963,0.806118806,0.013448794,2";;;;
"0.085628914,579.6126963,0.806118806,0.013448794,2";;;;
"0.085628914,579.6126963,0.806118806,0.013448794,2";;;;
"0.12849713,178.7077012,0.80941483,0.02197676,0";;;;
"0.12849713,178.7077012,0.80941483,0.02197676,0";;;;
"0.12849713,178.7077012,0.80941483,0.02197676,0";;;;
"0.12849713,178.7077012,0.80941483,0.02197676,0";;;;
"0.096701756,346.5947559,0.809992808,0.015030144,0";;;;
"0.096701756,346.5947559,0.809992808,0.015030144,0";;;;
"0.096701756,346.5947559,0.809992808,0.015030144,0";;;;
"0.096701756,346.5947559,0.809992808,0.015030144,0";;;;
"0.350900336,418.373413,0.810972116,0.056384593,0";;;;
"0.350900336,418.373413,0.810972116,0.056384593,0";;;;
"0.350900336,418.373413,0.810972116,0.056384593,0";;;;
"0.350900336,418.373413,0.810972116,0.056384593,0";;;;
"0.069351428,1236.792375,0.811414431,0.008125845,2";;;;
"0.069351428,1236.792375,0.811414431,0.008125845,2";;;;
"0.069351428,1236.792375,0.811414431,0.008125845,2";;;;
"0.069351428,1236.792375,0.811414431,0.008125845,2";;;;
"0.052928353,1047.977376,0.813418888,0.007897786,2";;;;
"0.052928353,1047.977376,0.813418888,0.007897786,2";;;;
"0.052928353,1047.977376,0.813418888,0.007897786,2";;;;
"0.052928353,1047.977376,0.813418888,0.007897786,2";;;;
"0.058800237,922.3813125,0.818188616,0.009592641,0";;;;
"0.058800237,922.3813125,0.818188616,0.009592641,0";;;;
"0.058800237,922.3813125,0.818188616,0.009592641,0";;;;
"0.058800237,922.3813125,0.818188616,0.009592641,0";;;;
"0.074857826,432.5265886,0.819900979,0.012599764,2";;;;
"0.074857826,432.5265886,0.819900979,0.012599764,2";;;;
"0.074857826,432.5265886,0.819900979,0.012599764,2";;;;
"0.074857826,432.5265886,0.819900979,0.012599764,2";;;;
"0.206658658,331.3366601,0.820270916,0.02323442,0";;;;
"0.206658658,331.3366601,0.820270916,0.02323442,0";;;;
"0.206658658,331.3366601,0.820270916,0.02323442,0";;;;
"0.206658658,331.3366601,0.820270916,0.02323442,0";;;;
"0.126660768,980.1816218,0.820668395,0.017710773,0";;;;
"0.126660768,980.1816218,0.820668395,0.017710773,0";;;;
"0.126660768,980.1816218,0.820668395,0.017710773,0";;;;
"0.126660768,980.1816218,0.820668395,0.017710773,0";;;;
"0.117700567,392.5937338,0.824076583,0.020314333,0";;;;
"0.117700567,392.5937338,0.824076583,0.020314333,0";;;;
"0.117700567,392.5937338,0.824076583,0.020314333,0";;;;
"0.117700567,392.5937338,0.824076583,0.020314333,0";;;;
"0.191066612,1304.96296,0.824094575,0.023514582,2";;;;
"0.191066612,1304.96296,0.824094575,0.023514582,2";;;;
"0.191066612,1304.96296,0.824094575,0.023514582,2";;;;
"0.191066612,1304.96296,0.824094575,0.023514582,2";;;;
"0.197428217,238.7467072,0.826892762,0.024574373,1";;;;
"0.197428217,238.7467072,0.826892762,0.024574373,1";;;;
"0.197428217,238.7467072,0.826892762,0.024574373,1";;;;
"0.197428217,238.7467072,0.826892762,0.024574373,1";;;;
"0.061374399,1213.10271,0.828470855,0.008134583,2";;;;
"0.061374399,1213.10271,0.828470855,0.008134583,2";;;;
"0.061374399,1213.10271,0.828470855,0.008134583,2";;;;
"0.061374399,1213.10271,0.828470855,0.008134583,2";;;;
"0.105649196,1471.052813,0.831506678,0.039347795,2";;;;
"0.105649196,1471.052813,0.831506678,0.039347795,2";;;;
"0.105649196,1471.052813,0.831506678,0.039347795,2";;;;
"0.105649196,1471.052813,0.831506678,0.039347795,2";;;;
"0.119997275,312.4309188,0.834632368,0.019215726,0";;;;
"0.119997275,312.4309188,0.834632368,0.019215726,0";;;;
"0.119997275,312.4309188,0.834632368,0.019215726,0";;;;
"0.119997275,312.4309188,0.834632368,0.019215726,0";;;;
"0.114334972,570.6618463,0.837178005,0.013388331,2";;;;
"0.114334972,570.6618463,0.837178005,0.013388331,2";;;;
"0.114334972,570.6618463,0.837178005,0.013388331,2";;;;
"0.114334972,570.6618463,0.837178005,0.013388331,2";;;;
"0.069313828,1220.672161,0.838147726,0.016163351,0";;;;
"0.069313828,1220.672161,0.838147726,0.016163351,0";;;;
"0.069313828,1220.672161,0.838147726,0.016163351,0";;;;
"0.069313828,1220.672161,0.838147726,0.016163351,0";;;;
"0.069958927,708.7099124,0.838983474,0.00931719,1";;;;
"0.069958927,708.7099124,0.838983474,0.00931719,1";;;;
"0.069958927,708.7099124,0.838983474,0.00931719,1";;;;
"0.069958927,708.7099124,0.838983474,0.00931719,1";;;;
"0.062041406,1293.335103,0.841309993,0.011035343,0";;;;
"0.062041406,1293.335103,0.841309993,0.011035343,0";;;;
"0.062041406,1293.335103,0.841309993,0.011035343,0";;;;
"0.062041406,1293.335103,0.841309993,0.011035343,0";;;;
"0.200784218,179.4801168,0.842821536,0.03062687,0";;;;
"0.200784218,179.4801168,0.842821536,0.03062687,0";;;;
"0.200784218,179.4801168,0.842821536,0.03062687,0";;;;
"0.200784218,179.4801168,0.842821536,0.03062687,0";;;;
"0.151069144,353.1661547,0.843959422,0.02006652,2";;;;
"0.151069144,353.1661547,0.843959422,0.02006652,2";;;;
"0.151069144,353.1661547,0.843959422,0.02006652,2";;;;
"0.151069144,353.1661547,0.843959422,0.02006652,2";;;;
"0.081291641,692.8141186,0.845626162,0.009864866,2";;;;
"0.081291641,692.8141186,0.845626162,0.009864866,2";;;;
"0.081291641,692.8141186,0.845626162,0.009864866,2";;;;
"0.081291641,692.8141186,0.845626162,0.009864866,2";;;;
"0.076809783,536.6365797,0.846626858,0.010999212,0";;;;
"0.076809783,536.6365797,0.846626858,0.010999212,0";;;;
"0.076809783,536.6365797,0.846626858,0.010999212,0";;;;
"0.076809783,536.6365797,0.846626858,0.010999212,0";;;;
"0.15426383,549.859764,0.851079773,0.016926213,0";;;;
"0.15426383,549.859764,0.851079773,0.016926213,0";;;;
"0.15426383,549.859764,0.851079773,0.016926213,0";;;;
"0.15426383,549.859764,0.851079773,0.016926213,0";;;;
"0.126952063,1173.659243,0.851979738,0.01638446,2";;;;
"0.126952063,1173.659243,0.851979738,0.01638446,2";;;;
"0.126952063,1173.659243,0.851979738,0.01638446,2";;;;
"0.126952063,1173.659243,0.851979738,0.01638446,2";;;;
"0.090113724,533.0765584,0.852836129,0.011140005,2";;;;
"0.090113724,533.0765584,0.852836129,0.011140005,2";;;;
"0.090113724,533.0765584,0.852836129,0.011140005,2";;;;
"0.090113724,533.0765584,0.852836129,0.011140005,2";;;;
"0.062930434,741.5723017,0.853226677,0.008493966,0";;;;
"0.062930434,741.5723017,0.853226677,0.008493966,0";;;;
"0.062930434,741.5723017,0.853226677,0.008493966,0";;;;
"0.062930434,741.5723017,0.853226677,0.008493966,0";;;;
"0.086058856,1021.18029,0.853498704,0.012394685,0";;;;
"0.086058856,1021.18029,0.853498704,0.012394685,0";;;;
"0.086058856,1021.18029,0.853498704,0.012394685,0";;;;
"0.086058856,1021.18029,0.853498704,0.012394685,0";;;;
"0.14142146,996.0225877,0.855296827,0.023704752,0";;;;
"0.14142146,996.0225877,0.855296827,0.023704752,0";;;;
"0.14142146,996.0225877,0.855296827,0.023704752,0";;;;
"0.14142146,996.0225877,0.855296827,0.023704752,0";;;;
"0.130993171,231.4691184,0.855389315,0.019141776,0";;;;
"0.130993171,231.4691184,0.855389315,0.019141776,0";;;;
"0.130993171,231.4691184,0.855389315,0.019141776,0";;;;
"0.130993171,231.4691184,0.855389315,0.019141776,0";;;;
"0.061175746,791.8927017,0.856046373,0.008094459,2";;;;
"0.061175746,791.8927017,0.856046373,0.008094459,2";;;;
"0.061175746,791.8927017,0.856046373,0.008094459,2";;;;
"0.061175746,791.8927017,0.856046373,0.008094459,2";;;;
"0.056442053,822.9039234,0.857633956,0.007887573,1";;;;
"0.056442053,822.9039234,0.857633956,0.007887573,1";;;;
"0.056442053,822.9039234,0.857633956,0.007887573,1";;;;
"0.056442053,822.9039234,0.857633956,0.007887573,1";;;;
"0.196122388,1067.263473,0.858634845,0.027028244,2";;;;
"0.196122388,1067.263473,0.858634845,0.027028244,2";;;;
"0.196122388,1067.263473,0.858634845,0.027028244,2";;;;
"0.196122388,1067.263473,0.858634845,0.027028244,2";;;;
"0.079797462,567.2134795,0.859373477,0.011863617,1";;;;
"0.079797462,567.2134795,0.859373477,0.011863617,1";;;;
"0.079797462,567.2134795,0.859373477,0.011863617,1";;;;
"0.079797462,567.2134795,0.859373477,0.011863617,1";;;;
"0.145285779,1744.588462,0.860607689,0.030621311,0";;;;
"0.145285779,1744.588462,0.860607689,0.030621311,0";;;;
"0.145285779,1744.588462,0.860607689,0.030621311,0";;;;
"0.145285779,1744.588462,0.860607689,0.030621311,0";;;;
"0.102550061,310.5666844,0.86110054,0.016853647,0";;;;
"0.102550061,310.5666844,0.86110054,0.016853647,0";;;;
"0.102550061,310.5666844,0.86110054,0.016853647,0";;;;
"0.102550061,310.5666844,0.86110054,0.016853647,0";;;;
"0.249377534,524.1177867,0.863654446,0.023937702,0";;;;
"0.249377534,524.1177867,0.863654446,0.023937702,0";;;;
"0.249377534,524.1177867,0.863654446,0.023937702,0";;;;
"0.249377534,524.1177867,0.863654446,0.023937702,0";;;;
"0.06524706,963.5977215,0.864537648,0.011635418,0";;;;
"0.06524706,963.5977215,0.864537648,0.011635418,0";;;;
"0.06524706,963.5977215,0.864537648,0.011635418,0";;;;
"0.06524706,963.5977215,0.864537648,0.011635418,0";;;;
"0.12611412,182.5493817,0.864799472,0.018399383,0";;;;
"0.12611412,182.5493817,0.864799472,0.018399383,0";;;;
"0.12611412,182.5493817,0.864799472,0.018399383,0";;;;
"0.12611412,182.5493817,0.864799472,0.018399383,0";;;;
"0.17187943,882.0574962,0.866088319,0.024023075,0";;;;
"0.17187943,882.0574962,0.866088319,0.024023075,0";;;;
"0.17187943,882.0574962,0.866088319,0.024023075,0";;;;
"0.17187943,882.0574962,0.866088319,0.024023075,0";;;;
"0.053222181,818.2173438,0.866845547,0.007529886,2";;;;
"0.053222181,818.2173438,0.866845547,0.007529886,2";;;;
"0.053222181,818.2173438,0.866845547,0.007529886,2";;;;
"0.053222181,818.2173438,0.866845547,0.007529886,2";;;;
"0.125972579,411.6335355,0.867086624,0.01367893,0";;;;
"0.125972579,411.6335355,0.867086624,0.01367893,0";;;;
"0.125972579,411.6335355,0.867086624,0.01367893,0";;;;
"0.125972579,411.6335355,0.867086624,0.01367893,0";;;;
"0.077935362,850.109013,0.867218584,0.014603805,0";;;;
"0.077935362,850.109013,0.867218584,0.014603805,0";;;;
"0.077935362,850.109013,0.867218584,0.014603805,0";;;;
"0.077935362,850.109013,0.867218584,0.014603805,0";;;;
"0.146467476,380.2407989,0.869175519,0.021098939,2";;;;
"0.146467476,380.2407989,0.869175519,0.021098939,2";;;;
"0.146467476,380.2407989,0.869175519,0.021098939,2";;;;
"0.146467476,380.2407989,0.869175519,0.021098939,2";;;;
"0.090934887,467.6074694,0.873347376,0.012972696,1";;;;
"0.090934887,467.6074694,0.873347376,0.012972696,1";;;;
"0.090934887,467.6074694,0.873347376,0.012972696,1";;;;
"0.090934887,467.6074694,0.873347376,0.012972696,1";;;;
"0.077274617,1132.133451,0.873650933,0.008972974,2";;;;
"0.077274617,1132.133451,0.873650933,0.008972974,2";;;;
"0.077274617,1132.133451,0.873650933,0.008972974,2";;;;
"0.077274617,1132.133451,0.873650933,0.008972974,2";;;;
"0.107514781,400.5085567,0.873750746,0.014837867,1";;;;
"0.107514781,400.5085567,0.873750746,0.014837867,1";;;;
"0.107514781,400.5085567,0.873750746,0.014837867,1";;;;
"0.107514781,400.5085567,0.873750746,0.014837867,1";;;;
"0.105358175,345.2791685,0.874072766,0.015966872,2";;;;
"0.105358175,345.2791685,0.874072766,0.015966872,2";;;;
"0.105358175,345.2791685,0.874072766,0.015966872,2";;;;
"0.105358175,345.2791685,0.874072766,0.015966872,2";;;;
"0.080862727,848.4732919,0.874687449,0.009152082,0";;;;
"0.080862727,848.4732919,0.874687449,0.009152082,0";;;;
"0.080862727,848.4732919,0.874687449,0.009152082,0";;;;
"0.080862727,848.4732919,0.874687449,0.009152082,0";;;;
"0.090993508,318.1550409,0.876160703,0.012016144,2";;;;
"0.090993508,318.1550409,0.876160703,0.012016144,2";;;;
"0.090993508,318.1550409,0.876160703,0.012016144,2";;;;
"0.090993508,318.1550409,0.876160703,0.012016144,2";;;;
"0.128776471,202.5117276,0.876192792,0.019834607,0";;;;
"0.128776471,202.5117276,0.876192792,0.019834607,0";;;;
"0.128776471,202.5117276,0.876192792,0.019834607,0";;;;
"0.128776471,202.5117276,0.876192792,0.019834607,0";;;;
"0.062302726,600.9016843,0.876992606,0.008887452,2";;;;
"0.062302726,600.9016843,0.876992606,0.008887452,2";;;;
"0.062302726,600.9016843,0.876992606,0.008887452,2";;;;
"0.062302726,600.9016843,0.876992606,0.008887452,2";;;;
"0.131902944,364.5468972,0.878042613,0.013633299,2";;;;
"0.131902944,364.5468972,0.878042613,0.013633299,2";;;;
"0.131902944,364.5468972,0.878042613,0.013633299,2";;;;
"0.131902944,364.5468972,0.878042613,0.013633299,2";;;;
"0.274769248,404.3513636,0.878673236,0.035195466,0";;;;
"0.274769248,404.3513636,0.878673236,0.035195466,0";;;;
"0.274769248,404.3513636,0.878673236,0.035195466,0";;;;
"0.274769248,404.3513636,0.878673236,0.035195466,0";;;;
"0.071049324,545.146565,0.882310475,0.00960406,2";;;;
"0.071049324,545.146565,0.882310475,0.00960406,2";;;;
"0.071049324,545.146565,0.882310475,0.00960406,2";;;;
"0.071049324,545.146565,0.882310475,0.00960406,2";;;;
"0.125948101,879.5900242,0.882483723,0.02367905,0";;;;
"0.125948101,879.5900242,0.882483723,0.02367905,0";;;;
"0.125948101,879.5900242,0.882483723,0.02367905,0";;;;
"0.125948101,879.5900242,0.882483723,0.02367905,0";;;;
"0.100546408,547.2739797,0.88499569,0.011461267,2";;;;
"0.100546408,547.2739797,0.88499569,0.011461267,2";;;;
"0.100546408,547.2739797,0.88499569,0.011461267,2";;;;
"0.100546408,547.2739797,0.88499569,0.011461267,2";;;;
"0.136565013,501.3763214,0.885540583,0.013495047,1";;;;
"0.136565013,501.3763214,0.885540583,0.013495047,1";;;;
"0.136565013,501.3763214,0.885540583,0.013495047,1";;;;
"0.136565013,501.3763214,0.885540583,0.013495047,1";;;;
"0.2582901,267.5287598,0.888063879,0.024849991,0";;;;
"0.2582901,267.5287598,0.888063879,0.024849991,0";;;;
"0.2582901,267.5287598,0.888063879,0.024849991,0";;;;
"0.2582901,267.5287598,0.888063879,0.024849991,0";;;;
"0.08230608,604.541242,0.889277133,0.009933496,0";;;;
"0.08230608,604.541242,0.889277133,0.009933496,0";;;;
"0.08230608,604.541242,0.889277133,0.009933496,0";;;;
"0.08230608,604.541242,0.889277133,0.009933496,0";;;;
"0.089342935,748.6360087,0.889724583,0.00888516,1";;;;
"0.089342935,748.6360087,0.889724583,0.00888516,1";;;;
"0.089342935,748.6360087,0.889724583,0.00888516,1";;;;
"0.089342935,748.6360087,0.889724583,0.00888516,1";;;;
"0.123717043,327.2796458,0.891968011,0.016278148,2";;;;
"0.123717043,327.2796458,0.891968011,0.016278148,2";;;;
"0.123717043,327.2796458,0.891968011,0.016278148,2";;;;
"0.123717043,327.2796458,0.891968011,0.016278148,2";;;;
"0.091816727,686.548118,0.899527767,0.011509179,2";;;;
"0.091816727,686.548118,0.899527767,0.011509179,2";;;;
"0.091816727,686.548118,0.899527767,0.011509179,2";;;;
"0.091816727,686.548118,0.899527767,0.011509179,2";;;;
"0.15024853,677.2526357,0.900040571,0.014027077,0";;;;
"0.15024853,677.2526357,0.900040571,0.014027077,0";;;;
"0.15024853,677.2526357,0.900040571,0.014027077,0";;;;
"0.15024853,677.2526357,0.900040571,0.014027077,0";;;;
"0.083880328,624.1591401,0.900335155,0.008913445,0";;;;
"0.083880328,624.1591401,0.900335155,0.008913445,0";;;;
"0.083880328,624.1591401,0.900335155,0.008913445,0";;;;
"0.083880328,624.1591401,0.900335155,0.008913445,0";;;;
"0.086748793,253.6012068,0.902195766,0.012191885,2";;;;
"0.086748793,253.6012068,0.902195766,0.012191885,2";;;;
"0.086748793,253.6012068,0.902195766,0.012191885,2";;;;
"0.086748793,253.6012068,0.902195766,0.012191885,2";;;;
"0.125250899,218.8645371,0.902327195,0.015787126,0";;;;
"0.125250899,218.8645371,0.902327195,0.015787126,0";;;;
"0.125250899,218.8645371,0.902327195,0.015787126,0";;;;
"0.125250899,218.8645371,0.902327195,0.015787126,0";;;;
"0.095077788,313.7509681,0.90385055,0.012066212,2";;;;
"0.095077788,313.7509681,0.90385055,0.012066212,2";;;;
"0.095077788,313.7509681,0.90385055,0.012066212,2";;;;
"0.095077788,313.7509681,0.90385055,0.012066212,2";;;;
"0.171476382,380.1919492,0.904762626,0.020249866,1";;;;
"0.171476382,380.1919492,0.904762626,0.020249866,1";;;;
"0.171476382,380.1919492,0.904762626,0.020249866,1";;;;
"0.171476382,380.1919492,0.904762626,0.020249866,1";;;;
"0.12988846,263.8666866,0.905873037,0.018771963,0";;;;
"0.12988846,263.8666866,0.905873037,0.018771963,0";;;;
"0.12988846,263.8666866,0.905873037,0.018771963,0";;;;
"0.12988846,263.8666866,0.905873037,0.018771963,0";;;;
"0.110968539,414.1902245,0.90630213,0.013512583,0";;;;
"0.110968539,414.1902245,0.90630213,0.013512583,0";;;;
"0.110968539,414.1902245,0.90630213,0.013512583,0";;;;
"0.110968539,414.1902245,0.90630213,0.013512583,0";;;;
"0.226263172,391.5690941,0.906946686,0.032259625,2";;;;
"0.226263172,391.5690941,0.906946686,0.032259625,2";;;;
"0.226263172,391.5690941,0.906946686,0.032259625,2";;;;
"0.226263172,391.5690941,0.906946686,0.032259625,2";;;;
"0.082673581,294.3576359,0.907484548,0.012058005,2";;;;
"0.082673581,294.3576359,0.907484548,0.012058005,2";;;;
"0.082673581,294.3576359,0.907484548,0.012058005,2";;;;
"0.082673581,294.3576359,0.907484548,0.012058005,2";;;;
"0.146775193,297.8303211,0.907650432,0.015232907,2";;;;
"0.146775193,297.8303211,0.907650432,0.015232907,2";;;;
"0.146775193,297.8303211,0.907650432,0.015232907,2";;;;
"0.146775193,297.8303211,0.907650432,0.015232907,2";;;;
"0.082376146,517.2169869,0.908424665,0.009999834,2";;;;
"0.082376146,517.2169869,0.908424665,0.009999834,2";;;;
"0.082376146,517.2169869,0.908424665,0.009999834,2";;;;
"0.082376146,517.2169869,0.908424665,0.009999834,2";;;;
"0.144425378,629.9630594,0.908966406,0.023350579,0";;;;
"0.144425378,629.9630594,0.908966406,0.023350579,0";;;;
"0.144425378,629.9630594,0.908966406,0.023350579,0";;;;
"0.144425378,629.9630594,0.908966406,0.023350579,0";;;;
"0.115944185,393.1423703,0.911049389,0.011365829,2";;;;
"0.115944185,393.1423703,0.911049389,0.011365829,2";;;;
"0.115944185,393.1423703,0.911049389,0.011365829,2";;;;
"0.115944185,393.1423703,0.911049389,0.011365829,2";;;;
"0.140505907,474.9373732,0.911872773,0.013823918,2";;;;
"0.140505907,474.9373732,0.911872773,0.013823918,2";;;;
"0.140505907,474.9373732,0.911872773,0.013823918,2";;;;
"0.140505907,474.9373732,0.911872773,0.013823918,2";;;;
"0.19738792,357.0579213,0.912681322,0.016075805,0";;;;
"0.19738792,357.0579213,0.912681322,0.016075805,0";;;;
"0.19738792,357.0579213,0.912681322,0.016075805,0";;;;
"0.19738792,357.0579213,0.912681322,0.016075805,0";;;;
"0.123173088,385.0383989,0.913203833,0.015231143,1";;;;
"0.123173088,385.0383989,0.913203833,0.015231143,1";;;;
"0.123173088,385.0383989,0.913203833,0.015231143,1";;;;
"0.123173088,385.0383989,0.913203833,0.015231143,1";;;;
"0.157501146,360.8767883,0.913627881,0.021829883,2";;;;
"0.157501146,360.8767883,0.913627881,0.021829883,2";;;;
"0.157501146,360.8767883,0.913627881,0.021829883,2";;;;
"0.157501146,360.8767883,0.913627881,0.021829883,2";;;;
"0.121127502,188.1890321,0.91390447,0.015798234,2";;;;
"0.121127502,188.1890321,0.91390447,0.015798234,2";;;;
"0.121127502,188.1890321,0.91390447,0.015798234,2";;;;
"0.121127502,188.1890321,0.91390447,0.015798234,2";;;;
"0.144279386,177.9135302,0.913931879,0.019259475,2";;;;
"0.144279386,177.9135302,0.913931879,0.019259475,2";;;;
"0.144279386,177.9135302,0.913931879,0.019259475,2";;;;
"0.144279386,177.9135302,0.913931879,0.019259475,2";;;;
"0.187573638,344.8296273,0.914808082,0.019748669,2";;;;
"0.187573638,344.8296273,0.914808082,0.019748669,2";;;;
"0.187573638,344.8296273,0.914808082,0.019748669,2";;;;
"0.187573638,344.8296273,0.914808082,0.019748669,2";;;;
"0.141718492,723.3091502,0.917534884,0.039679666,2";;;;
"0.141718492,723.3091502,0.917534884,0.039679666,2";;;;
"0.141718492,723.3091502,0.917534884,0.039679666,2";;;;
"0.141718492,723.3091502,0.917534884,0.039679666,2";;;;
"0.15953155,519.27157,0.920856813,0.029673391,0";;;;
"0.15953155,519.27157,0.920856813,0.029673391,0";;;;
"0.15953155,519.27157,0.920856813,0.029673391,0";;;;
"0.15953155,519.27157,0.920856813,0.029673391,0";;;;
"0.321199989,61.10973249,0.92131762,0.046705587,0";;;;
"0.321199989,61.10973249,0.92131762,0.046705587,0";;;;
"0.321199989,61.10973249,0.92131762,0.046705587,0";;;;
"0.321199989,61.10973249,0.92131762,0.046705587,0";;;;
"0.156202271,314.1235839,0.921610081,0.015357601,2";;;;
"0.156202271,314.1235839,0.921610081,0.015357601,2";;;;
"0.156202271,314.1235839,0.921610081,0.015357601,2";;;;
"0.156202271,314.1235839,0.921610081,0.015357601,2";;;;
"0.135592905,265.8968391,0.922539938,0.015398025,2";;;;
"0.135592905,265.8968391,0.922539938,0.015398025,2";;;;
"0.135592905,265.8968391,0.922539938,0.015398025,2";;;;
"0.135592905,265.8968391,0.922539938,0.015398025,2";;;;
"0.223781917,934.8239467,0.922725497,0.037789217,0";;;;
"0.223781917,934.8239467,0.922725497,0.037789217,0";;;;
"0.223781917,934.8239467,0.922725497,0.037789217,0";;;;
"0.223781917,934.8239467,0.922725497,0.037789217,0";;;;
"0.248318565,106.0875514,0.923137272,0.029284209,2";;;;
"0.248318565,106.0875514,0.923137272,0.029284209,2";;;;
"0.248318565,106.0875514,0.923137272,0.029284209,2";;;;
"0.248318565,106.0875514,0.923137272,0.029284209,2";;;;
"0.164989631,194.4122564,0.924384121,0.017994887,1";;;;
"0.164989631,194.4122564,0.924384121,0.017994887,1";;;;
"0.164989631,194.4122564,0.924384121,0.017994887,1";;;;
"0.164989631,194.4122564,0.924384121,0.017994887,1";;;;
"0.080118777,585.2537506,0.926210926,0.009923318,2";;;;
"0.080118777,585.2537506,0.926210926,0.009923318,2";;;;
"0.080118777,585.2537506,0.926210926,0.009923318,2";;;;
"0.080118777,585.2537506,0.926210926,0.009923318,2";;;;
"0.097024345,592.1407353,0.926469951,0.010423835,2";;;;
"0.097024345,592.1407353,0.926469951,0.010423835,2";;;;
"0.097024345,592.1407353,0.926469951,0.010423835,2";;;;
"0.097024345,592.1407353,0.926469951,0.010423835,2";;;;
"0.211605404,360.6915631,0.926827039,0.018359481,2";;;;
"0.211605404,360.6915631,0.926827039,0.018359481,2";;;;
"0.211605404,360.6915631,0.926827039,0.018359481,2";;;;
"0.211605404,360.6915631,0.926827039,0.018359481,2";;;;
"0.101847096,365.1217971,0.927204365,0.011029527,1";;;;
"0.101847096,365.1217971,0.927204365,0.011029527,1";;;;
"0.101847096,365.1217971,0.927204365,0.011029527,1";;;;
"0.101847096,365.1217971,0.927204365,0.011029527,1";;;;
"0.261146696,233.9288245,0.928197382,0.030633457,2";;;;
"0.261146696,233.9288245,0.928197382,0.030633457,2";;;;
"0.261146696,233.9288245,0.928197382,0.030633457,2";;;;
"0.261146696,233.9288245,0.928197382,0.030633457,2";;;;
"0.21218757,66.67100662,0.929679754,0.026442323,2";;;;
"0.21218757,66.67100662,0.929679754,0.026442323,2";;;;
"0.21218757,66.67100662,0.929679754,0.026442323,2";;;;
"0.21218757,66.67100662,0.929679754,0.026442323,2";;;;
"0.172794701,195.6511195,0.929919407,0.018049108,1";;;;
"0.172794701,195.6511195,0.929919407,0.018049108,1";;;;
"0.172794701,195.6511195,0.929919407,0.018049108,1";;;;
"0.172794701,195.6511195,0.929919407,0.018049108,1";;;;
"0.219750276,149.205866,0.930184873,0.024268936,2";;;;
"0.219750276,149.205866,0.930184873,0.024268936,2";;;;
"0.219750276,149.205866,0.930184873,0.024268936,2";;;;
"0.219750276,149.205866,0.930184873,0.024268936,2";;;;
"0.155004935,353.8074169,0.931605611,0.01932636,1";;;;
"0.155004935,353.8074169,0.931605611,0.01932636,1";;;;
"0.155004935,353.8074169,0.931605611,0.01932636,1";;;;
"0.155004935,353.8074169,0.931605611,0.01932636,1";;;;
"0.192106553,130.1202564,0.931748715,0.019649522,2";;;;
"0.192106553,130.1202564,0.931748715,0.019649522,2";;;;
"0.192106553,130.1202564,0.931748715,0.019649522,2";;;;
"0.192106553,130.1202564,0.931748715,0.019649522,2";;;;
"0.28366203,178.4085204,0.931771514,0.042657826,0";;;;
"0.28366203,178.4085204,0.931771514,0.042657826,0";;;;
"0.28366203,178.4085204,0.931771514,0.042657826,0";;;;
"0.28366203,178.4085204,0.931771514,0.042657826,0";;;;
"0.169386923,147.1478694,0.932272593,0.019529008,2";;;;
"0.169386923,147.1478694,0.932272593,0.019529008,2";;;;
"0.169386923,147.1478694,0.932272593,0.019529008,2";;;;
"0.169386923,147.1478694,0.932272593,0.019529008,2";;;;
"0.175698569,301.9454019,0.932417296,0.022859705,1";;;;
"0.175698569,301.9454019,0.932417296,0.022859705,1";;;;
"0.175698569,301.9454019,0.932417296,0.022859705,1";;;;
"0.175698569,301.9454019,0.932417296,0.022859705,1";;;;
"0.145045416,178.6999447,0.933253359,0.015710139,1";;;;
"0.145045416,178.6999447,0.933253359,0.015710139,1";;;;
"0.145045416,178.6999447,0.933253359,0.015710139,1";;;;
"0.145045416,178.6999447,0.933253359,0.015710139,1";;;;
"0.302538457,69.62061467,0.933331291,0.036591612,1";;;;
"0.302538457,69.62061467,0.933331291,0.036591612,1";;;;
"0.302538457,69.62061467,0.933331291,0.036591612,1";;;;
"0.302538457,69.62061467,0.933331291,0.036591612,1";;;;
"0.110092994,231.8486938,0.933545367,0.013233287,2";;;;
"0.110092994,231.8486938,0.933545367,0.013233287,2";;;;
"0.110092994,231.8486938,0.933545367,0.013233287,2";;;;
"0.110092994,231.8486938,0.933545367,0.013233287,2";;;;
"0.077228448,631.5933648,0.934278083,0.011144997,2";;;;
"0.077228448,631.5933648,0.934278083,0.011144997,2";;;;
"0.077228448,631.5933648,0.934278083,0.011144997,2";;;;
"0.077228448,631.5933648,0.934278083,0.011144997,2";;;;
"0.103449595,348.5619911,0.935345116,0.011416205,2";;;;
"0.103449595,348.5619911,0.935345116,0.011416205,2";;;;
"0.103449595,348.5619911,0.935345116,0.011416205,2";;;;
"0.103449595,348.5619911,0.935345116,0.011416205,2";;;;
"0.194279316,178.2195463,0.936070016,0.018709214,2";;;;
"0.194279316,178.2195463,0.936070016,0.018709214,2";;;;
"0.194279316,178.2195463,0.936070016,0.018709214,2";;;;
"0.194279316,178.2195463,0.936070016,0.018709214,2";;;;
"0.173504121,406.6117668,0.936443257,0.012445214,0";;;;
"0.173504121,406.6117668,0.936443257,0.012445214,0";;;;
"0.173504121,406.6117668,0.936443257,0.012445214,0";;;;
"0.173504121,406.6117668,0.936443257,0.012445214,0";;;;
"0.248729784,61.06916932,0.936736507,0.027512428,1";;;;
"0.248729784,61.06916932,0.936736507,0.027512428,1";;;;
"0.248729784,61.06916932,0.936736507,0.027512428,1";;;;
"0.248729784,61.06916932,0.936736507,0.027512428,1";;;;
"0.104260799,445.6172284,0.939086076,0.011696252,2";;;;
"0.104260799,445.6172284,0.939086076,0.011696252,2";;;;
"0.104260799,445.6172284,0.939086076,0.011696252,2";;;;
"0.104260799,445.6172284,0.939086076,0.011696252,2";;;;
"0.166595446,251.2770939,0.941510985,0.021596297,1";;;;
"0.166595446,251.2770939,0.941510985,0.021596297,1";;;;
"0.166595446,251.2770939,0.941510985,0.021596297,1";;;;
"0.166595446,251.2770939,0.941510985,0.021596297,1";;;;
"0.225825504,203.2897898,0.941738772,0.024192269,2";;;;
"0.225825504,203.2897898,0.941738772,0.024192269,2";;;;
"0.225825504,203.2897898,0.941738772,0.024192269,2";;;;
"0.225825504,203.2897898,0.941738772,0.024192269,2";;;;
"0.223595887,103.9341418,0.942605954,0.021641826,2";;;;
"0.223595887,103.9341418,0.942605954,0.021641826,2";;;;
"0.223595887,103.9341418,0.942605954,0.021641826,2";;;;
"0.223595887,103.9341418,0.942605954,0.021641826,2";;;;
"0.314029712,64.29016742,0.942665717,0.036404702,0";;;;
"0.314029712,64.29016742,0.942665717,0.036404702,0";;;;
"0.314029712,64.29016742,0.942665717,0.036404702,0";;;;
"0.314029712,64.29016742,0.942665717,0.036404702,0";;;;
"0.162359458,285.2721609,0.943926098,0.013649542,1";;;;
"0.162359458,285.2721609,0.943926098,0.013649542,1";;;;
"0.162359458,285.2721609,0.943926098,0.013649542,1";;;;
"0.162359458,285.2721609,0.943926098,0.013649542,1";;;;
"0.116515726,447.1668981,0.944178312,0.010794253,2";;;;
"0.116515726,447.1668981,0.944178312,0.010794253,2";;;;
"0.116515726,447.1668981,0.944178312,0.010794253,2";;;;
"0.116515726,447.1668981,0.944178312,0.010794253,2";;;;
"0.192242428,379.4252255,0.944256054,0.01947736,2";;;;
"0.192242428,379.4252255,0.944256054,0.01947736,2";;;;
"0.192242428,379.4252255,0.944256054,0.01947736,2";;;;
"0.192242428,379.4252255,0.944256054,0.01947736,2";;;;
"0.243623821,292.7374587,0.944479597,0.031296644,2";;;;
"0.243623821,292.7374587,0.944479597,0.031296644,2";;;;
"0.243623821,292.7374587,0.944479597,0.031296644,2";;;;
"0.243623821,292.7374587,0.944479597,0.031296644,2";;;;
"0.139061045,132.6138849,0.944611072,0.016077485,2";;;;
"0.139061045,132.6138849,0.944611072,0.016077485,2";;;;
"0.139061045,132.6138849,0.944611072,0.016077485,2";;;;
"0.139061045,132.6138849,0.944611072,0.016077485,2";;;;
"0.511534815,31.36038345,0.945274958,0.084298583,0";;;;
"0.511534815,31.36038345,0.945274958,0.084298583,0";;;;
"0.511534815,31.36038345,0.945274958,0.084298583,0";;;;
"0.511534815,31.36038345,0.945274958,0.084298583,0";;;;
"0.140900355,245.1011978,0.945278136,0.01673973,2";;;;
"0.140900355,245.1011978,0.945278136,0.01673973,2";;;;
"0.140900355,245.1011978,0.945278136,0.01673973,2";;;;
"0.140900355,245.1011978,0.945278136,0.01673973,2";;;;
"0.212465268,153.5657934,0.945715845,0.020703858,2";;;;
"0.212465268,153.5657934,0.945715845,0.020703858,2";;;;
"0.212465268,153.5657934,0.945715845,0.020703858,2";;;;
"0.212465268,153.5657934,0.945715845,0.020703858,2";;;;
"0.168534393,471.0254159,0.945891408,0.048102043,2";;;;
"0.168534393,471.0254159,0.945891408,0.048102043,2";;;;
"0.168534393,471.0254159,0.945891408,0.048102043,2";;;;
"0.168534393,471.0254159,0.945891408,0.048102043,2";;;;
"0.170092674,330.8114553,0.94859039,0.013307271,1";;;;
"0.170092674,330.8114553,0.94859039,0.013307271,1";;;;
"0.170092674,330.8114553,0.94859039,0.013307271,1";;;;
"0.170092674,330.8114553,0.94859039,0.013307271,1";;;;
"0.197214569,105.793998,0.949916615,0.019914513,2";;;;
"0.197214569,105.793998,0.949916615,0.019914513,2";;;;
"0.197214569,105.793998,0.949916615,0.019914513,2";;;;
"0.197214569,105.793998,0.949916615,0.019914513,2";;;;
"0.179394601,138.3537824,0.950017757,0.020711097,1";;;;
"0.179394601,138.3537824,0.950017757,0.020711097,1";;;;
"0.179394601,138.3537824,0.950017757,0.020711097,1";;;;
"0.179394601,138.3537824,0.950017757,0.020711097,1";;;;
"0.190217926,285.3473072,0.950030689,0.019973431,0";;;;
"0.190217926,285.3473072,0.950030689,0.019973431,0";;;;
"0.190217926,285.3473072,0.950030689,0.019973431,0";;;;
"0.190217926,285.3473072,0.950030689,0.019973431,0";;;;
"0.181641273,111.1186206,0.950297532,0.021364792,1";;;;
"0.181641273,111.1186206,0.950297532,0.021364792,1";;;;
"0.181641273,111.1186206,0.950297532,0.021364792,1";;;;
"0.181641273,111.1186206,0.950297532,0.021364792,1";;;;
"0.263866067,622.8213757,0.950629796,0.143263572,2";;;;
"0.263866067,622.8213757,0.950629796,0.143263572,2";;;;
"0.263866067,622.8213757,0.950629796,0.143263572,2";;;;
"0.263866067,622.8213757,0.950629796,0.143263572,2";;;;
"0.155082431,200.9819777,0.950896217,0.014763695,1";;;;
"0.155082431,200.9819777,0.950896217,0.014763695,1";;;;
"0.155082431,200.9819777,0.950896217,0.014763695,1";;;;
"0.155082431,200.9819777,0.950896217,0.014763695,1";;;;
"0.224945093,302.7887544,0.951373119,0.042055495,1";;;;
"0.224945093,302.7887544,0.951373119,0.042055495,1";;;;
"0.224945093,302.7887544,0.951373119,0.042055495,1";;;;
"0.224945093,302.7887544,0.951373119,0.042055495,1";;;;
"0.196399504,111.1468072,0.951440112,0.020342699,1";;;;
"0.196399504,111.1468072,0.951440112,0.020342699,1";;;;
"0.196399504,111.1468072,0.951440112,0.020342699,1";;;;
"0.196399504,111.1468072,0.951440112,0.020342699,1";;;;
"0.208573893,130.9391222,0.951507801,0.024984566,1";;;;
"0.208573893,130.9391222,0.951507801,0.024984566,1";;;;
"0.208573893,130.9391222,0.951507801,0.024984566,1";;;;
"0.208573893,130.9391222,0.951507801,0.024984566,1";;;;
"0.193390112,190.9967344,0.951893264,0.017844553,1";;;;
"0.193390112,190.9967344,0.951893264,0.017844553,1";;;;
"0.193390112,190.9967344,0.951893264,0.017844553,1";;;;
"0.193390112,190.9967344,0.951893264,0.017844553,1";;;;
"0.14492248,147.154616,0.952271318,0.01623115,2";;;;
"0.14492248,147.154616,0.952271318,0.01623115,2";;;;
"0.14492248,147.154616,0.952271318,0.01623115,2";;;;
"0.14492248,147.154616,0.952271318,0.01623115,2";;;;
"0.142416832,526.9371872,0.952391864,0.015349586,0";;;;
"0.142416832,526.9371872,0.952391864,0.015349586,0";;;;
"0.142416832,526.9371872,0.952391864,0.015349586,0";;;;
"0.142416832,526.9371872,0.952391864,0.015349586,0";;;;
"0.211380289,206.9623339,0.952570298,0.021283909,0";;;;
"0.211380289,206.9623339,0.952570298,0.021283909,0";;;;
"0.211380289,206.9623339,0.952570298,0.021283909,0";;;;
"0.211380289,206.9623339,0.952570298,0.021283909,0";;;;
"0.237653163,140.7538509,0.952762187,0.026759953,1";;;;
"0.237653163,140.7538509,0.952762187,0.026759953,1";;;;
"0.237653163,140.7538509,0.952762187,0.026759953,1";;;;
"0.237653163,140.7538509,0.952762187,0.026759953,1";;;;
"0.187910238,198.6660097,0.953063408,0.017444091,1";;;;
"0.187910238,198.6660097,0.953063408,0.017444091,1";;;;
"0.187910238,198.6660097,0.953063408,0.017444091,1";;;;
"0.187910238,198.6660097,0.953063408,0.017444091,1";;;;
"0.480257375,96.38597289,0.953440662,0.076069026,0";;;;
"0.480257375,96.38597289,0.953440662,0.076069026,0";;;;
"0.480257375,96.38597289,0.953440662,0.076069026,0";;;;
"0.480257375,96.38597289,0.953440662,0.076069026,0";;;;
"0.222486876,48.31144661,0.953464722,0.025268182,1";;;;
"0.222486876,48.31144661,0.953464722,0.025268182,1";;;;
"0.222486876,48.31144661,0.953464722,0.025268182,1";;;;
"0.222486876,48.31144661,0.953464722,0.025268182,1";;;;
"0.306573258,230.084258,0.954332045,0.033407746,2";;;;
"0.306573258,230.084258,0.954332045,0.033407746,2";;;;
"0.306573258,230.084258,0.954332045,0.033407746,2";;;;
"0.306573258,230.084258,0.954332045,0.033407746,2";;;;
"0.171521532,114.06307,0.955083861,0.01854649,1";;;;
"0.171521532,114.06307,0.955083861,0.01854649,1";;;;
"0.171521532,114.06307,0.955083861,0.01854649,1";;;;
"0.171521532,114.06307,0.955083861,0.01854649,1";;;;
"0.168985512,193.5155677,0.955768793,0.018160438,1";;;;
"0.168985512,193.5155677,0.955768793,0.018160438,1";;;;
"0.168985512,193.5155677,0.955768793,0.018160438,1";;;;
"0.168985512,193.5155677,0.955768793,0.018160438,1";;;;
"0.249726063,129.539234,0.955837823,0.026679312,1";;;;
"0.249726063,129.539234,0.955837823,0.026679312,1";;;;
"0.249726063,129.539234,0.955837823,0.026679312,1";;;;
"0.249726063,129.539234,0.955837823,0.026679312,1";;;;
"0.295785646,174.7161807,0.956196815,0.025884467,1";;;;
"0.295785646,174.7161807,0.956196815,0.025884467,1";;;;
"0.295785646,174.7161807,0.956196815,0.025884467,1";;;;
"0.295785646,174.7161807,0.956196815,0.025884467,1";;;;
"0.223837801,106.6076819,0.956887151,0.022696816,1";;;;
"0.223837801,106.6076819,0.956887151,0.022696816,1";;;;
"0.223837801,106.6076819,0.956887151,0.022696816,1";;;;
"0.223837801,106.6076819,0.956887151,0.022696816,1";;;;
"0.135411949,334.445384,0.9569581,0.011461533,1";;;;
"0.135411949,334.445384,0.9569581,0.011461533,1";;;;
"0.135411949,334.445384,0.9569581,0.011461533,1";;;;
"0.135411949,334.445384,0.9569581,0.011461533,1";;;;
"0.131603146,400.6838151,0.95708994,0.018874215,2";;;;
"0.131603146,400.6838151,0.95708994,0.018874215,2";;;;
"0.131603146,400.6838151,0.95708994,0.018874215,2";;;;
"0.131603146,400.6838151,0.95708994,0.018874215,2";;;;
"0.122615862,303.8593419,0.957583705,0.012474897,1";;;;
"0.122615862,303.8593419,0.957583705,0.012474897,1";;;;
"0.122615862,303.8593419,0.957583705,0.012474897,1";;;;
"0.122615862,303.8593419,0.957583705,0.012474897,1";;;;
"0.236990143,182.1470341,0.957840955,0.021069836,1";;;;
"0.236990143,182.1470341,0.957840955,0.021069836,1";;;;
"0.236990143,182.1470341,0.957840955,0.021069836,1";;;;
"0.236990143,182.1470341,0.957840955,0.021069836,1";;;;
"0.238683721,160.6746418,0.958319994,0.020940744,1";;;;
"0.238683721,160.6746418,0.958319994,0.020940744,1";;;;
"0.238683721,160.6746418,0.958319994,0.020940744,1";;;;
"0.238683721,160.6746418,0.958319994,0.020940744,1";;;;
"0.163791678,265.7546652,0.958333261,0.022730723,2";;;;
"0.163791678,265.7546652,0.958333261,0.022730723,2";;;;
"0.163791678,265.7546652,0.958333261,0.022730723,2";;;;
"0.163791678,265.7546652,0.958333261,0.022730723,2";;;;
"0.219673363,59.99670417,0.958982908,0.026283839,1";;;;
"0.219673363,59.99670417,0.958982908,0.026283839,1";;;;
"0.219673363,59.99670417,0.958982908,0.026283839,1";;;;
"0.219673363,59.99670417,0.958982908,0.026283839,1";;;;
"0.219689512,109.7927157,0.959237956,0.020742349,2";;;;
"0.219689512,109.7927157,0.959237956,0.020742349,2";;;;
"0.219689512,109.7927157,0.959237956,0.020742349,2";;;;
"0.219689512,109.7927157,0.959237956,0.020742349,2";;;;
"0.164281318,280.8329579,0.959239463,0.01301841,1";;;;
"0.164281318,280.8329579,0.959239463,0.01301841,1";;;;
"0.164281318,280.8329579,0.959239463,0.01301841,1";;;;
"0.164281318,280.8329579,0.959239463,0.01301841,1";;;;
"0.240895245,171.6988911,0.959687276,0.026981233,1";;;;
"0.240895245,171.6988911,0.959687276,0.026981233,1";;;;
"0.240895245,171.6988911,0.959687276,0.026981233,1";;;;
"0.240895245,171.6988911,0.959687276,0.026981233,1";;;;
"0.170326689,134.7803293,0.960499508,0.016279121,2";;;;
"0.170326689,134.7803293,0.960499508,0.016279121,2";;;;
"0.170326689,134.7803293,0.960499508,0.016279121,2";;;;
"0.170326689,134.7803293,0.960499508,0.016279121,2";;;;
"0.357953944,19.75286056,0.96134914,0.051097747,1";;;;
"0.357953944,19.75286056,0.96134914,0.051097747,1";;;;
"0.357953944,19.75286056,0.96134914,0.051097747,1";;;;
"0.357953944,19.75286056,0.96134914,0.051097747,1";;;;
"0.197900017,214.5012902,0.961406456,0.016934842,1";;;;
"0.197900017,214.5012902,0.961406456,0.016934842,1";;;;
"0.197900017,214.5012902,0.961406456,0.016934842,1";;;;
"0.197900017,214.5012902,0.961406456,0.016934842,1";;;;
"0.396916842,175.1732029,0.962070275,0.048023046,0";;;;
"0.396916842,175.1732029,0.962070275,0.048023046,0";;;;
"0.396916842,175.1732029,0.962070275,0.048023046,0";;;;
"0.396916842,175.1732029,0.962070275,0.048023046,0";;;;
"0.127901678,246.5506646,0.962125805,0.011873609,1";;;;
"0.127901678,246.5506646,0.962125805,0.011873609,1";;;;
"0.127901678,246.5506646,0.962125805,0.011873609,1";;;;
"0.127901678,246.5506646,0.962125805,0.011873609,1";;;;
"0.136649891,224.3515599,0.962586439,0.012762175,1";;;;
"0.136649891,224.3515599,0.962586439,0.012762175,1";;;;
"0.136649891,224.3515599,0.962586439,0.012762175,1";;;;
"0.136649891,224.3515599,0.962586439,0.012762175,1";;;;
"0.209135773,202.5096296,0.962978522,0.021621588,2";;;;
"0.209135773,202.5096296,0.962978522,0.021621588,2";;;;
"0.209135773,202.5096296,0.962978522,0.021621588,2";;;;
"0.209135773,202.5096296,0.962978522,0.021621588,2";;;;
"0.176051518,165.2328647,0.964382773,0.018891354,1";;;;
"0.176051518,165.2328647,0.964382773,0.018891354,1";;;;
"0.176051518,165.2328647,0.964382773,0.018891354,1";;;;
"0.176051518,165.2328647,0.964382773,0.018891354,1";;;;
"0.170741553,158.51644,0.964634483,0.014722728,2";;;;
"0.170741553,158.51644,0.964634483,0.014722728,2";;;;
"0.170741553,158.51644,0.964634483,0.014722728,2";;;;
"0.170741553,158.51644,0.964634483,0.014722728,2";;;;
"0.145778186,233.6656774,0.9661586,0.015273988,2";;;;
"0.145778186,233.6656774,0.9661586,0.015273988,2";;;;
"0.145778186,233.6656774,0.9661586,0.015273988,2";;;;
"0.145778186,233.6656774,0.9661586,0.015273988,2";;;;
"0.262511231,76.84057075,0.966632736,0.025264939,1";;;;
"0.262511231,76.84057075,0.966632736,0.025264939,1";;;;
"0.262511231,76.84057075,0.966632736,0.025264939,1";;;;
"0.262511231,76.84057075,0.966632736,0.025264939,1";;;;
"0.164417607,112.3436002,0.967160431,0.021497051,2";;;;
"0.164417607,112.3436002,0.967160431,0.021497051,2";;;;
"0.164417607,112.3436002,0.967160431,0.021497051,2";;;;
"0.164417607,112.3436002,0.967160431,0.021497051,2";;;;
"0.289546349,47.98992861,0.967548721,0.035089808,1";;;;
"0.289546349,47.98992861,0.967548721,0.035089808,1";;;;
"0.289546349,47.98992861,0.967548721,0.035089808,1";;;;
"0.289546349,47.98992861,0.967548721,0.035089808,1";;;;
"0.192792042,102.9400958,0.967762208,0.020337515,1";;;;
"0.192792042,102.9400958,0.967762208,0.020337515,1";;;;
"0.192792042,102.9400958,0.967762208,0.020337515,1";;;;
"0.192792042,102.9400958,0.967762208,0.020337515,1";;;;
"0.155514916,178.1873046,0.969362658,0.015775894,2";;;;
"0.155514916,178.1873046,0.969362658,0.015775894,2";;;;
"0.155514916,178.1873046,0.969362658,0.015775894,2";;;;
"0.155514916,178.1873046,0.969362658,0.015775894,2";;;;
"0.371789113,308.597842,0.969658461,0.02905284,0";;;;
"0.371789113,308.597842,0.969658461,0.02905284,0";;;;
"0.371789113,308.597842,0.969658461,0.02905284,0";;;;
"0.371789113,308.597842,0.969658461,0.02905284,0";;;;
"0.170141754,156.4161857,0.969660647,0.015240714,1";;;;
"0.170141754,156.4161857,0.969660647,0.015240714,1";;;;
"0.170141754,156.4161857,0.969660647,0.015240714,1";;;;
"0.170141754,156.4161857,0.969660647,0.015240714,1";;;;
"0.192557101,267.0107712,0.97026578,0.024766261,1";;;;
"0.192557101,267.0107712,0.97026578,0.024766261,1";;;;
"0.192557101,267.0107712,0.97026578,0.024766261,1";;;;
"0.192557101,267.0107712,0.97026578,0.024766261,1";;;;
"0.414282195,135.1684062,0.970875234,0.059176835,0";;;;
"0.414282195,135.1684062,0.970875234,0.059176835,0";;;;
"0.414282195,135.1684062,0.970875234,0.059176835,0";;;;
"0.414282195,135.1684062,0.970875234,0.059176835,0";;;;
"0.270423372,389.097912,0.971103857,0.041443303,1";;;;
"0.270423372,389.097912,0.971103857,0.041443303,1";;;;
"0.270423372,389.097912,0.971103857,0.041443303,1";;;;
"0.270423372,389.097912,0.971103857,0.041443303,1";;;;
"0.199062781,103.1466589,0.971231289,0.018724051,2";;;;
"0.199062781,103.1466589,0.971231289,0.018724051,2";;;;
"0.199062781,103.1466589,0.971231289,0.018724051,2";;;;
"0.199062781,103.1466589,0.971231289,0.018724051,2";;;;
"0.436786218,100.7487194,0.971844537,0.051987893,1";;;;
"0.436786218,100.7487194,0.971844537,0.051987893,1";;;;
"0.436786218,100.7487194,0.971844537,0.051987893,1";;;;
"0.436786218,100.7487194,0.971844537,0.051987893,1";;;;
"0.178017447,104.4800882,0.972439275,0.015940187,2";;;;
"0.178017447,104.4800882,0.972439275,0.015940187,2";;;;
"0.178017447,104.4800882,0.972439275,0.015940187,2";;;;
"0.178017447,104.4800882,0.972439275,0.015940187,2";;;;
"0.212465618,315.4602843,0.973099704,0.077059119,2";;;;
"0.212465618,315.4602843,0.973099704,0.077059119,2";;;;
"0.212465618,315.4602843,0.973099704,0.077059119,2";;;;
"0.212465618,315.4602843,0.973099704,0.077059119,2";;;;
"0.336536615,57.23971384,0.973708358,0.030417695,1";;;;
"0.336536615,57.23971384,0.973708358,0.030417695,1";;;;
"0.336536615,57.23971384,0.973708358,0.030417695,1";;;;
"0.336536615,57.23971384,0.973708358,0.030417695,1";;;;
"0.224213142,291.5769243,0.974333378,0.019608388,2";;;;
"0.224213142,291.5769243,0.974333378,0.019608388,2";;;;
"0.224213142,291.5769243,0.974333378,0.019608388,2";;;;
"0.224213142,291.5769243,0.974333378,0.019608388,2";;;;
"0.169919777,136.2926825,0.974639979,0.015026349,2";;;;
"0.169919777,136.2926825,0.974639979,0.015026349,2";;;;
"0.169919777,136.2926825,0.974639979,0.015026349,2";;;;
"0.169919777,136.2926825,0.974639979,0.015026349,2";;;;
"0.363260491,26.66446185,0.974699802,0.036395219,1";;;;
"0.363260491,26.66446185,0.974699802,0.036395219,1";;;;
"0.363260491,26.66446185,0.974699802,0.036395219,1";;;;
"0.363260491,26.66446185,0.974699802,0.036395219,1";;;;
"0.188203248,211.7687116,0.974755225,0.019233762,2";;;;
"0.188203248,211.7687116,0.974755225,0.019233762,2";;;;
"0.188203248,211.7687116,0.974755225,0.019233762,2";;;;
"0.188203248,211.7687116,0.974755225,0.019233762,2";;;;
"0.209862729,111.841784,0.974958604,0.016795938,1";;;;
"0.209862729,111.841784,0.974958604,0.016795938,1";;;;
"0.209862729,111.841784,0.974958604,0.016795938,1";;;;
"0.209862729,111.841784,0.974958604,0.016795938,1";;;;
"0.520678379,10.29899281,0.975523833,0.063551399,1";;;;
"0.520678379,10.29899281,0.975523833,0.063551399,1";;;;
"0.520678379,10.29899281,0.975523833,0.063551399,1";;;;
"0.520678379,10.29899281,0.975523833,0.063551399,1";;;;
"0.334641738,88.62308826,0.97557307,0.04948886,2";;;;
"0.334641738,88.62308826,0.97557307,0.04948886,2";;;;
"0.334641738,88.62308826,0.97557307,0.04948886,2";;;;
"0.334641738,88.62308826,0.97557307,0.04948886,2";;;;
"0.333290995,106.1312469,0.975687233,0.049980181,1";;;;
"0.333290995,106.1312469,0.975687233,0.049980181,1";;;;
"0.333290995,106.1312469,0.975687233,0.049980181,1";;;;
"0.333290995,106.1312469,0.975687233,0.049980181,1";;;;
"0.341236663,50.71721436,0.975785996,0.029697422,1";;;;
"0.341236663,50.71721436,0.975785996,0.029697422,1";;;;
"0.341236663,50.71721436,0.975785996,0.029697422,1";;;;
"0.341236663,50.71721436,0.975785996,0.029697422,1";;;;
"0.317893638,99.2928948,0.97655275,0.043550833,2";;;;
"0.317893638,99.2928948,0.97655275,0.043550833,2";;;;
"0.317893638,99.2928948,0.97655275,0.043550833,2";;;;
"0.317893638,99.2928948,0.97655275,0.043550833,2";;;;
"0.208294022,70.59754474,0.977520783,0.019010736,1";;;;
"0.208294022,70.59754474,0.977520783,0.019010736,1";;;;
"0.208294022,70.59754474,0.977520783,0.019010736,1";;;;
"0.208294022,70.59754474,0.977520783,0.019010736,1";;;;
"0.363731107,27.64861442,0.977837963,0.035206639,1";;;;
"0.363731107,27.64861442,0.977837963,0.035206639,1";;;;
"0.363731107,27.64861442,0.977837963,0.035206639,1";;;;
"0.363731107,27.64861442,0.977837963,0.035206639,1";;;;
"0.29955093,51.76362487,0.977885257,0.027143577,1";;;;
"0.29955093,51.76362487,0.977885257,0.027143577,1";;;;
"0.29955093,51.76362487,0.977885257,0.027143577,1";;;;
"0.29955093,51.76362487,0.977885257,0.027143577,1";;;;
"0.475187125,9.1770991,0.978270576,0.064948488,1";;;;
"0.475187125,9.1770991,0.978270576,0.064948488,1";;;;
"0.475187125,9.1770991,0.978270576,0.064948488,1";;;;
"0.475187125,9.1770991,0.978270576,0.064948488,1";;;;
"0.364659436,31.60675293,0.978593826,0.038598261,1";;;;
"0.364659436,31.60675293,0.978593826,0.038598261,1";;;;
"0.364659436,31.60675293,0.978593826,0.038598261,1";;;;
"0.364659436,31.60675293,0.978593826,0.038598261,1";;;;
"0.226984362,134.830758,0.97860102,0.018211548,1";;;;
"0.226984362,134.830758,0.97860102,0.018211548,1";;;;
"0.226984362,134.830758,0.97860102,0.018211548,1";;;;
"0.226984362,134.830758,0.97860102,0.018211548,1";;;;
"0.175676543,78.96995312,0.978863415,0.016446176,2";;;;
"0.175676543,78.96995312,0.978863415,0.016446176,2";;;;
"0.175676543,78.96995312,0.978863415,0.016446176,2";;;;
"0.175676543,78.96995312,0.978863415,0.016446176,2";;;;
"0.198397333,89.56257727,0.978944162,0.01704308,2";;;;
"0.198397333,89.56257727,0.978944162,0.01704308,2";;;;
"0.198397333,89.56257727,0.978944162,0.01704308,2";;;;
"0.198397333,89.56257727,0.978944162,0.01704308,2";;;;
"0.276243745,54.49148831,0.979565297,0.023956702,1";;;;
"0.276243745,54.49148831,0.979565297,0.023956702,1";;;;
"0.276243745,54.49148831,0.979565297,0.023956702,1";;;;
"0.276243745,54.49148831,0.979565297,0.023956702,1";;;;
"0.263934115,165.396566,0.979752724,0.024331829,1";;;;
"0.263934115,165.396566,0.979752724,0.024331829,1";;;;
"0.263934115,165.396566,0.979752724,0.024331829,1";;;;
"0.263934115,165.396566,0.979752724,0.024331829,1";;;;
"0.238412616,155.7293392,0.980052012,0.01658303,1";;;;
"0.238412616,155.7293392,0.980052012,0.01658303,1";;;;
"0.238412616,155.7293392,0.980052012,0.01658303,1";;;;
"0.238412616,155.7293392,0.980052012,0.01658303,1";;;;
"0.269249942,37.86131325,0.980643711,0.024767748,0";;;;
"0.269249942,37.86131325,0.980643711,0.024767748,0";;;;
"0.269249942,37.86131325,0.980643711,0.024767748,0";;;;
"0.269249942,37.86131325,0.980643711,0.024767748,0";;;;
"0.215631704,67.41205478,0.980921663,0.019375896,1";;;;
"0.215631704,67.41205478,0.980921663,0.019375896,1";;;;
"0.215631704,67.41205478,0.980921663,0.019375896,1";;;;
"0.215631704,67.41205478,0.980921663,0.019375896,1";;;;
"0.263323789,105.4980594,0.981266838,0.022792302,1";;;;
"0.263323789,105.4980594,0.981266838,0.022792302,1";;;;
"0.263323789,105.4980594,0.981266838,0.022792302,1";;;;
"0.263323789,105.4980594,0.981266838,0.022792302,1";;;;
"0.271922933,101.9888835,0.981295777,0.023933653,1";;;;
"0.271922933,101.9888835,0.981295777,0.023933653,1";;;;
"0.271922933,101.9888835,0.981295777,0.023933653,1";;;;
"0.271922933,101.9888835,0.981295777,0.023933653,1";;;;
"0.237156547,98.50472249,0.981459031,0.018507986,1";;;;
"0.237156547,98.50472249,0.981459031,0.018507986,1";;;;
"0.237156547,98.50472249,0.981459031,0.018507986,1";;;;
"0.237156547,98.50472249,0.981459031,0.018507986,1";;;;
"0.258417131,69.4935607,0.981474779,0.01972173,1";;;;
"0.258417131,69.4935607,0.981474779,0.01972173,1";;;;
"0.258417131,69.4935607,0.981474779,0.01972173,1";;;;
"0.258417131,69.4935607,0.981474779,0.01972173,1";;;;
"0.212949107,119.0021838,0.981481195,0.020220387,2";;;;
"0.212949107,119.0021838,0.981481195,0.020220387,2";;;;
"0.212949107,119.0021838,0.981481195,0.020220387,2";;;;
"0.212949107,119.0021838,0.981481195,0.020220387,2";;;;
"0.373032419,43.69776252,0.981723182,0.031452035,1";;;;
"0.373032419,43.69776252,0.981723182,0.031452035,1";;;;
"0.373032419,43.69776252,0.981723182,0.031452035,1";;;;
"0.373032419,43.69776252,0.981723182,0.031452035,1";;;;
"0.468887189,12.80139213,0.981890559,0.056052317,1";;;;
"0.468887189,12.80139213,0.981890559,0.056052317,1";;;;
"0.468887189,12.80139213,0.981890559,0.056052317,1";;;;
"0.468887189,12.80139213,0.981890559,0.056052317,1";;;;
"0.345386923,134.8593715,0.982216477,0.03121474,1";;;;
"0.345386923,134.8593715,0.982216477,0.03121474,1";;;;
"0.345386923,134.8593715,0.982216477,0.03121474,1";;;;
"0.345386923,134.8593715,0.982216477,0.03121474,1";;;;
"0.277614115,67.83904423,0.982572659,0.019984861,1";;;;
"0.277614115,67.83904423,0.982572659,0.019984861,1";;;;
"0.277614115,67.83904423,0.982572659,0.019984861,1";;;;
"0.277614115,67.83904423,0.982572659,0.019984861,1";;;;
"0.381992596,31.46513097,0.982616183,0.036523833,1";;;;
"0.381992596,31.46513097,0.982616183,0.036523833,1";;;;
"0.381992596,31.46513097,0.982616183,0.036523833,1";;;;
"0.381992596,31.46513097,0.982616183,0.036523833,1";;;;
"0.171941963,113.7004579,0.982636516,0.014621008,2";;;;
"0.171941963,113.7004579,0.982636516,0.014621008,2";;;;
"0.171941963,113.7004579,0.982636516,0.014621008,2";;;;
"0.171941963,113.7004579,0.982636516,0.014621008,2";;;;
"0.299436613,43.23021535,0.983150655,0.027051735,2";;;;
"0.299436613,43.23021535,0.983150655,0.027051735,2";;;;
"0.299436613,43.23021535,0.983150655,0.027051735,2";;;;
"0.299436613,43.23021535,0.983150655,0.027051735,2";;;;
"0.277676115,34.41881868,0.983420247,0.024795002,2";;;;
"0.277676115,34.41881868,0.983420247,0.024795002,2";;;;
"0.277676115,34.41881868,0.983420247,0.024795002,2";;;;
"0.277676115,34.41881868,0.983420247,0.024795002,2";;;;
"0.294570192,47.59412847,0.98353634,0.025454506,1";;;;
"0.294570192,47.59412847,0.98353634,0.025454506,1";;;;
"0.294570192,47.59412847,0.98353634,0.025454506,1";;;;
"0.294570192,47.59412847,0.98353634,0.025454506,1";;;;
"0.213815335,79.3534504,0.983605177,0.017987298,2";;;;
"0.213815335,79.3534504,0.983605177,0.017987298,2";;;;
"0.213815335,79.3534504,0.983605177,0.017987298,2";;;;
"0.213815335,79.3534504,0.983605177,0.017987298,2";;;;
"0.259089299,137.0203303,0.983905654,0.02048741,1";;;;
"0.259089299,137.0203303,0.983905654,0.02048741,1";;;;
"0.259089299,137.0203303,0.983905654,0.02048741,1";;;;
"0.259089299,137.0203303,0.983905654,0.02048741,1";;;;
"0.346082533,84.00437234,0.984107305,0.042061859,1";;;;
"0.346082533,84.00437234,0.984107305,0.042061859,1";;;;
"0.346082533,84.00437234,0.984107305,0.042061859,1";;;;
"0.346082533,84.00437234,0.984107305,0.042061859,1";;;;
"0.249182757,196.6775616,0.984245135,0.048590724,2";;;;
"0.249182757,196.6775616,0.984245135,0.048590724,2";;;;
"0.249182757,196.6775616,0.984245135,0.048590724,2";;;;
"0.249182757,196.6775616,0.984245135,0.048590724,2";;;;
"0.247861772,106.2909282,0.984301574,0.01946421,1";;;;
"0.247861772,106.2909282,0.984301574,0.01946421,1";;;;
"0.247861772,106.2909282,0.984301574,0.01946421,1";;;;
"0.247861772,106.2909282,0.984301574,0.01946421,1";;;;
"0.198342554,94.94916841,0.984715801,0.015993606,1";;;;
"0.198342554,94.94916841,0.984715801,0.015993606,1";;;;
"0.198342554,94.94916841,0.984715801,0.015993606,1";;;;
"0.198342554,94.94916841,0.984715801,0.015993606,1";;;;
"0.228330377,75.45919723,0.984833313,0.018889794,1";;;;
"0.228330377,75.45919723,0.984833313,0.018889794,1";;;;
"0.228330377,75.45919723,0.984833313,0.018889794,1";;;;
"0.228330377,75.45919723,0.984833313,0.018889794,1";;;;
"0.222318464,69.26337242,0.984872109,0.031761295,2";;;;
"0.222318464,69.26337242,0.984872109,0.031761295,2";;;;
"0.222318464,69.26337242,0.984872109,0.031761295,2";;;;
"0.222318464,69.26337242,0.984872109,0.031761295,2";;;;
"0.27869285,67.41591787,0.984913169,0.028987671,1";;;;
"0.27869285,67.41591787,0.984913169,0.028987671,1";;;;
"0.27869285,67.41591787,0.984913169,0.028987671,1";;;;
"0.27869285,67.41591787,0.984913169,0.028987671,1";;;;
"0.361444973,33.10688458,0.985938308,0.035644542,1";;;;
"0.361444973,33.10688458,0.985938308,0.035644542,1";;;;
"0.361444973,33.10688458,0.985938308,0.035644542,1";;;;
"0.361444973,33.10688458,0.985938308,0.035644542,1";;;;
"0.326221466,28.35169662,0.985942572,0.027283798,1";;;;
"0.326221466,28.35169662,0.985942572,0.027283798,1";;;;
"0.326221466,28.35169662,0.985942572,0.027283798,1";;;;
"0.326221466,28.35169662,0.985942572,0.027283798,1";;;;
"0.26234007,135.91785,0.987022628,0.056558136,2";;;;
"0.26234007,135.91785,0.987022628,0.056558136,2";;;;
"0.26234007,135.91785,0.987022628,0.056558136,2";;;;
"0.26234007,135.91785,0.987022628,0.056558136,2";;;;
"0.27743719,96.30230127,0.987092076,0.02430948,1";;;;
"0.27743719,96.30230127,0.987092076,0.02430948,1";;;;
"0.27743719,96.30230127,0.987092076,0.02430948,1";;;;
"0.27743719,96.30230127,0.987092076,0.02430948,1";;;;
"0.344985627,31.61164733,0.987230418,0.030225864,1";;;;
"0.344985627,31.61164733,0.987230418,0.030225864,1";;;;
"0.344985627,31.61164733,0.987230418,0.030225864,1";;;;
"0.344985627,31.61164733,0.987230418,0.030225864,1";;;;
"0.217555305,54.1188223,0.987395711,0.016790928,2";;;;
"0.217555305,54.1188223,0.987395711,0.016790928,2";;;;
"0.217555305,54.1188223,0.987395711,0.016790928,2";;;;
"0.217555305,54.1188223,0.987395711,0.016790928,2";;;;
"0.354457295,44.74209568,0.987412516,0.042160788,1";;;;
"0.354457295,44.74209568,0.987412516,0.042160788,1";;;;
"0.354457295,44.74209568,0.987412516,0.042160788,1";;;;
"0.354457295,44.74209568,0.987412516,0.042160788,1";;;;
"0.247462954,49.59267841,0.987613346,0.021878563,2";;;;
"0.247462954,49.59267841,0.987613346,0.021878563,2";;;;
"0.247462954,49.59267841,0.987613346,0.021878563,2";;;;
"0.247462954,49.59267841,0.987613346,0.021878563,2";;;;
"0.244084127,100.5072368,0.98765369,0.016275897,1";;;;
"0.244084127,100.5072368,0.98765369,0.016275897,1";;;;
"0.244084127,100.5072368,0.98765369,0.016275897,1";;;;
"0.244084127,100.5072368,0.98765369,0.016275897,1";;;;
"0.292295907,37.09264883,0.987757721,0.024369598,1";;;;
"0.292295907,37.09264883,0.987757721,0.024369598,1";;;;
"0.292295907,37.09264883,0.987757721,0.024369598,1";;;;
"0.292295907,37.09264883,0.987757721,0.024369598,1";;;;
"0.328268729,27.81239691,0.987789917,0.039917236,1";;;;
"0.328268729,27.81239691,0.987789917,0.039917236,1";;;;
"0.328268729,27.81239691,0.987789917,0.039917236,1";;;;
"0.328268729,27.81239691,0.987789917,0.039917236,1";;;;
"0.329162057,48.92757414,0.987823081,0.029616303,2";;;;
"0.329162057,48.92757414,0.987823081,0.029616303,2";;;;
"0.329162057,48.92757414,0.987823081,0.029616303,2";;;;
"0.329162057,48.92757414,0.987823081,0.029616303,2";;;;
"0.472172279,18.43575384,0.987923348,0.045503564,1";;;;
"0.472172279,18.43575384,0.987923348,0.045503564,1";;;;
"0.472172279,18.43575384,0.987923348,0.045503564,1";;;;
"0.472172279,18.43575384,0.987923348,0.045503564,1";;;;
"0.419328544,18.31671766,0.988206208,0.042622509,1";;;;
"0.419328544,18.31671766,0.988206208,0.042622509,1";;;;
"0.419328544,18.31671766,0.988206208,0.042622509,1";;;;
"0.419328544,18.31671766,0.988206208,0.042622509,1";;;;
"0.31583114,27.29500341,0.988638035,0.025393524,2";;;;
"0.31583114,27.29500341,0.988638035,0.025393524,2";;;;
"0.31583114,27.29500341,0.988638035,0.025393524,2";;;;
"0.31583114,27.29500341,0.988638035,0.025393524,2";;;;
"0.256003073,76.82258687,0.989185713,0.02031365,1";;;;
"0.256003073,76.82258687,0.989185713,0.02031365,1";;;;
"0.256003073,76.82258687,0.989185713,0.02031365,1";;;;
"0.256003073,76.82258687,0.989185713,0.02031365,1";;;;
"0.325637062,17.34286993,0.989534787,0.030517882,2";;;;
"0.325637062,17.34286993,0.989534787,0.030517882,2";;;;
"0.325637062,17.34286993,0.989534787,0.030517882,2";;;;
"0.325637062,17.34286993,0.989534787,0.030517882,2";;;;
"0.480641084,19.06517671,0.989820425,0.062196137,1";;;;
"0.480641084,19.06517671,0.989820425,0.062196137,1";;;;
"0.480641084,19.06517671,0.989820425,0.062196137,1";;;;
"0.480641084,19.06517671,0.989820425,0.062196137,1";;;;
"0.353086649,40.95486971,0.989821429,0.025630257,1";;;;
"0.353086649,40.95486971,0.989821429,0.025630257,1";;;;
"0.353086649,40.95486971,0.989821429,0.025630257,1";;;;
"0.353086649,40.95486971,0.989821429,0.025630257,1";;;;
"0.353292638,38.76964411,0.989989941,0.024551265,1";;;;
"0.353292638,38.76964411,0.989989941,0.024551265,1";;;;
"0.353292638,38.76964411,0.989989941,0.024551265,1";;;;
"0.353292638,38.76964411,0.989989941,0.024551265,1";;;;
"0.430290026,16.71731569,0.98999644,0.039370121,1";;;;
"0.430290026,16.71731569,0.98999644,0.039370121,1";;;;
"0.430290026,16.71731569,0.98999644,0.039370121,1";;;;
"0.430290026,16.71731569,0.98999644,0.039370121,1";;;;
"0.28321076,41.74393088,0.990065852,0.021394773,1";;;;
"0.28321076,41.74393088,0.990065852,0.021394773,1";;;;
"0.28321076,41.74393088,0.990065852,0.021394773,1";;;;
"0.28321076,41.74393088,0.990065852,0.021394773,1";;;;
"0.347115474,39.72386873,0.9904459,0.023987271,1";;;;
"0.347115474,39.72386873,0.9904459,0.023987271,1";;;;
"0.347115474,39.72386873,0.9904459,0.023987271,1";;;;
"0.347115474,39.72386873,0.9904459,0.023987271,1";;;;
"0.353702867,21.93067834,0.990812363,0.028867945,1";;;;
"0.353702867,21.93067834,0.990812363,0.028867945,1";;;;
"0.353702867,21.93067834,0.990812363,0.028867945,1";;;;
"0.353702867,21.93067834,0.990812363,0.028867945,1";;;;
"0.309539763,39.60528405,0.991113678,0.02171675,1";;;;
"0.309539763,39.60528405,0.991113678,0.02171675,1";;;;
"0.309539763,39.60528405,0.991113678,0.02171675,1";;;;
"0.309539763,39.60528405,0.991113678,0.02171675,1";;;;
"0.300892979,55.2186535,0.991142746,0.022073022,2";;;;
"0.300892979,55.2186535,0.991142746,0.022073022,2";;;;
"0.300892979,55.2186535,0.991142746,0.022073022,2";;;;
"0.300892979,55.2186535,0.991142746,0.022073022,2";;;;
"0.281739874,80.69744112,0.991211096,0.042553166,1";;;;
"0.281739874,80.69744112,0.991211096,0.042553166,1";;;;
"0.281739874,80.69744112,0.991211096,0.042553166,1";;;;
"0.281739874,80.69744112,0.991211096,0.042553166,1";;;;
"0.277863456,61.3222269,0.991505792,0.020405461,1";;;;
"0.277863456,61.3222269,0.991505792,0.020405461,1";;;;
"0.277863456,61.3222269,0.991505792,0.020405461,1";;;;
"0.277863456,61.3222269,0.991505792,0.020405461,1";;;;
"0.271572214,42.44376598,0.991801186,0.021598278,1";;;;
"0.271572214,42.44376598,0.991801186,0.021598278,1";;;;
"0.271572214,42.44376598,0.991801186,0.021598278,1";;;;
"0.271572214,42.44376598,0.991801186,0.021598278,1";;;;
"0.495160019,19.40478117,0.991843396,0.047042815,1";;;;
"0.495160019,19.40478117,0.991843396,0.047042815,1";;;;
"0.495160019,19.40478117,0.991843396,0.047042815,1";;;;
"0.495160019,19.40478117,0.991843396,0.047042815,1";;;;
"0.476555028,11.35767579,0.991871484,0.054104258,1";;;;
"0.476555028,11.35767579,0.991871484,0.054104258,1";;;;
"0.476555028,11.35767579,0.991871484,0.054104258,1";;;;
"0.476555028,11.35767579,0.991871484,0.054104258,1";;;;
"0.407049683,52.54681764,0.991939667,0.042225574,2";;;;
"0.407049683,52.54681764,0.991939667,0.042225574,2";;;;
"0.407049683,52.54681764,0.991939667,0.042225574,2";;;;
"0.407049683,52.54681764,0.991939667,0.042225574,2";;;;
"0.43362511,29.61819306,0.99354077,0.038231809,1";;;;
"0.43362511,29.61819306,0.99354077,0.038231809,1";;;;
"0.43362511,29.61819306,0.99354077,0.038231809,1";;;;
"0.43362511,29.61819306,0.99354077,0.038231809,1";;;;
"0.421762174,49.5825082,0.993774664,0.061052595,1";;;;
"0.421762174,49.5825082,0.993774664,0.061052595,1";;;;
"0.421762174,49.5825082,0.993774664,0.061052595,1";;;;
"0.421762174,49.5825082,0.993774664,0.061052595,1";;;;
"0.375588004,25.76604957,0.995825457,0.023261172,1";;;;
"0.375588004,25.76604957,0.995825457,0.023261172,1";;;;
"0.375588004,25.76604957,0.995825457,0.023261172,1";;;;
"0.375588004,25.76604957,0.995825457,0.023261172,1";;;;
"0.444181873,29.80501713,0.995929501,0.035172121,1";;;;
"0.444181873,29.80501713,0.995929501,0.035172121,1";;;;
"0.444181873,29.80501713,0.995929501,0.035172121,1";;;;
"0.444181873,29.80501713,0.995929501,0.035172121,1";;;;
"0.556140194,14.3066863,0.997266337,0.037549538,1";;;;
"0.556140194,14.3066863,0.997266337,0.037549538,1";;;;
"0.556140194,14.3066863,0.997266337,0.037549538,1";;;;
"0.556140194,14.3066863,0.997266337,0.037549538,1";;;;
"0.488730441,16.34623564,0.99750836,0.044917538,2";;;;
"0.488730441,16.34623564,0.99750836,0.044917538,2";;;;
"0.488730441,16.34623564,0.99750836,0.044917538,2";;;;
"0.488730441,16.34623564,0.99750836,0.044917538,2";;;;
